{"type":"FeatureCollection","features":[{"type":"Feature","id":"relation/16638915","properties":{"natural":"wood","type":"multipolygon","id":"relation/16638915"},"geometry":{"type":"Polygon","coordinates":[[[11.8210495,52.3801576],[11.8208846,52.3801988],[11.8203105,52.3802218],[11.8198399,52.3802261],[11.819174,52.3802505],[11.8185199,52.3802505],[11.8182258,52.3802792],[11.8180799,52.3803841],[11.8179387,52.3804933],[11.8177669,52.3806613],[11.8176516,52.3807762],[11.8175363,52.3808035],[11.8170446,52.3808035],[11.8168399,52.3807934],[11.8166399,52.3807719],[11.8164375,52.3807906],[11.8162163,52.3807705],[11.8159316,52.3807733],[11.8157646,52.3807518],[11.8156963,52.3807001],[11.8155505,52.3806685],[11.8154328,52.3806139],[11.815343,52.3805047],[11.8153504,52.3802836],[11.8153787,52.3802634],[11.8154752,52.3802448],[11.8159646,52.3802462],[11.8159716,52.3801371],[11.8158257,52.380127],[11.815654,52.3801299],[11.815534,52.3801126],[11.8154893,52.3800796],[11.8155577,52.3800278],[11.8155814,52.3798709],[11.8155744,52.3798125],[11.8155975,52.3798053],[11.8156963,52.3797981],[11.8159128,52.3798081],[11.8160422,52.3798053],[11.8160257,52.3797392],[11.8160516,52.3796703],[11.8159278,52.3796873],[11.8157693,52.3796717],[11.8156046,52.3795898],[11.8155379,52.3795064],[11.8154762,52.3793603],[11.8155081,52.3792351],[11.8155928,52.3791158],[11.8155176,52.3790804],[11.8154069,52.3790282],[11.8150869,52.378886],[11.8144187,52.3786347],[11.8139269,52.3784264],[11.8138116,52.3783962],[11.8134634,52.3782598],[11.8132798,52.3781463],[11.8131363,52.3780343],[11.8131575,52.3779639],[11.8133034,52.3778763],[11.8135504,52.3777527],[11.813581,52.3776867],[11.8134634,52.3777341],[11.8133081,52.3777843],[11.8131881,52.3777657],[11.8131716,52.3777421],[11.8133316,52.3776867],[11.8136681,52.3775402],[11.8141034,52.3773204],[11.8143481,52.3771954],[11.8145787,52.3770259],[11.8147904,52.3768406],[11.8148681,52.3767789],[11.8149599,52.3767717],[11.8149834,52.3768234],[11.8151246,52.3768794],[11.815294,52.3768952],[11.8156869,52.3769354],[11.8159834,52.3769455],[11.8169011,52.3771796],[11.8195317,52.3778102],[11.819494,52.3778806],[11.8194564,52.3779323],[11.819378,52.3779512],[11.8191655,52.3779023],[11.819054,52.3779481],[11.8188702,52.3780746],[11.818857,52.3782304],[11.8188364,52.37833],[11.8186773,52.3784873],[11.8182888,52.378643],[11.8179927,52.3789359],[11.8178482,52.3790589],[11.8178573,52.3791033],[11.8180708,52.379131],[11.8183076,52.379208],[11.8184857,52.3792406],[11.8187378,52.3792681],[11.818973,52.3792495],[11.8190649,52.3792062],[11.8191303,52.3791057],[11.8191923,52.3789648],[11.8192448,52.3789245],[11.8194104,52.3789219],[11.8196105,52.3789702],[11.8197105,52.3787317],[11.8196333,52.3786652],[11.819965,52.378143],[11.8200964,52.3779754],[11.820327,52.3780343],[11.8205955,52.3780892],[11.820757,52.3782045],[11.8207661,52.3782826],[11.8210312,52.3784407],[11.8210373,52.3785003],[11.8207692,52.3784835],[11.8206991,52.3783626],[11.8206936,52.378314],[11.8204066,52.3783459],[11.8202725,52.3782547],[11.8201232,52.3782529],[11.8200531,52.3783496],[11.8199221,52.3784073],[11.8200074,52.3785561],[11.8202756,52.3784482],[11.8205925,52.3785412],[11.8210665,52.3786999],[11.8210564,52.3789564],[11.8210752,52.3794333],[11.8210917,52.3798871],[11.821087,52.3800566],[11.8210495,52.3801576]],[[11.8202264,52.3800328],[11.8204233,52.3800297],[11.8204207,52.3799445],[11.8202238,52.3799508],[11.8202264,52.3800328]],[[11.8198999,52.379681],[11.8198228,52.3797315],[11.8198188,52.3799335],[11.8199346,52.3799091],[11.8199368,52.3799393],[11.8201345,52.3799384],[11.8201354,52.3798982],[11.8202076,52.3798532],[11.8201996,52.3794735],[11.8200892,52.3794223],[11.8200896,52.379368],[11.8199024,52.3793674],[11.8198999,52.379681]]]}},{"type":"Feature","id":"way/416749364","properties":{"addr:housenumber":"49a / 49b","building":"yes","id":"way/416749364"},"geometry":{"type":"Polygon","coordinates":[[[11.8143189,52.3836297],[11.8145688,52.3835188],[11.8146781,52.3836106],[11.8146476,52.3836242],[11.8149176,52.3838509],[11.8144705,52.3840492],[11.8144174,52.3840046],[11.8142006,52.3838225],[11.814168,52.3838369],[11.8140586,52.3837451],[11.8142385,52.3836653],[11.8141059,52.383554],[11.8139895,52.3836056],[11.8137827,52.3834319],[11.814036,52.3833195],[11.8140793,52.3833559],[11.814209,52.3832984],[11.8143724,52.3834357],[11.8141863,52.3835183],[11.8143189,52.3836297]]]}},{"type":"Feature","id":"way/416749370","properties":{"building":"yes","man_made":"chimney","id":"way/416749370"},"geometry":{"type":"Polygon","coordinates":[[[11.8230721,52.3814074],[11.8230765,52.3814023],[11.8230837,52.3813987],[11.8230927,52.381397],[11.8231021,52.3813976],[11.8231103,52.3814003],[11.8231163,52.3814047],[11.8231191,52.3814102],[11.8231182,52.3814159],[11.8231138,52.3814209],[11.8231065,52.3814246],[11.8230975,52.3814262],[11.8230882,52.3814257],[11.8230799,52.381423],[11.8230739,52.3814186],[11.8230712,52.3814131],[11.8230721,52.3814074]]]}},{"type":"Feature","id":"way/416749379","properties":{"building":"yes","id":"way/416749379"},"geometry":{"type":"Polygon","coordinates":[[[11.8281184,52.3844532],[11.8281209,52.3840936],[11.8283617,52.3840942],[11.8283592,52.3844538],[11.8281184,52.3844532]]]}},{"type":"Feature","id":"way/416749382","properties":{"building":"yes","id":"way/416749382"},"geometry":{"type":"Polygon","coordinates":[[[11.8236283,52.3841661],[11.8235394,52.3842769],[11.8230267,52.3841236],[11.8231157,52.3840128],[11.8234064,52.3840997],[11.8236283,52.3841661]]]}},{"type":"Feature","id":"way/416749385","properties":{"building":"yes","id":"way/416749385"},"geometry":{"type":"Polygon","coordinates":[[[11.8230184,52.3817591],[11.8233674,52.3817673],[11.8234671,52.3817696],[11.8234602,52.3818794],[11.8230114,52.3818688],[11.8230184,52.3817591]]]}},{"type":"Feature","id":"way/416749388","properties":{"building":"yes","id":"way/416749388"},"geometry":{"type":"Polygon","coordinates":[[[11.826714,52.3803484],[11.8267386,52.3803353],[11.8267814,52.3803654],[11.8267582,52.3803777],[11.8270592,52.380589],[11.8270946,52.3806138],[11.8269134,52.38071],[11.8265308,52.3804414],[11.8265521,52.3804301],[11.826317,52.3802651],[11.8264589,52.3801897],[11.8266938,52.3803546],[11.8267103,52.3803459],[11.826714,52.3803484]]]}},{"type":"Feature","id":"way/416749392","properties":{"building":"yes","id":"way/416749392"},"geometry":{"type":"Polygon","coordinates":[[[11.8255507,52.3807328],[11.8255517,52.3808753],[11.8251131,52.3808765],[11.8251133,52.3808983],[11.8246399,52.3808996],[11.8246386,52.3807157],[11.8251115,52.3807145],[11.8251117,52.380734],[11.8255507,52.3807328]]]}},{"type":"Feature","id":"way/416749395","properties":{"building":"yes","id":"way/416749395"},"geometry":{"type":"Polygon","coordinates":[[[11.8149847,52.3810874],[11.8147165,52.3810891],[11.8147165,52.380825],[11.8147165,52.3804008],[11.8149825,52.3804045],[11.8149847,52.3810874]]]}},{"type":"Feature","id":"way/416749400","properties":{"building":"yes","id":"way/416749400"},"geometry":{"type":"Polygon","coordinates":[[[11.8180609,52.385389],[11.8180636,52.3852835],[11.81831,52.3852858],[11.8183073,52.3853913],[11.8180609,52.385389]]]}},{"type":"Feature","id":"way/416749404","properties":{"building":"yes","id":"way/416749404"},"geometry":{"type":"Polygon","coordinates":[[[11.8154357,52.3809047],[11.8176746,52.3809055],[11.8176745,52.381062],[11.8176744,52.3810753],[11.8154356,52.3810746],[11.8154357,52.3809047]]]}},{"type":"Feature","id":"way/416749408","properties":{"addr:housenumber":"49c","building":"yes","id":"way/416749408"},"geometry":{"type":"Polygon","coordinates":[[[11.8150261,52.3834105],[11.81519,52.3833371],[11.8153033,52.3834309],[11.8151369,52.3835041],[11.8150261,52.3834105]]]}},{"type":"Feature","id":"way/416749412","properties":{"building":"yes","id":"way/416749412"},"geometry":{"type":"Polygon","coordinates":[[[11.8216223,52.3791889],[11.8216237,52.3790449],[11.8223844,52.3790462],[11.8223823,52.3791897],[11.8222078,52.3791894],[11.8222078,52.3791983],[11.8221521,52.3791988],[11.8221521,52.3791891],[11.8217363,52.3791888],[11.8216223,52.3791889]]]}},{"type":"Feature","id":"way/416749415","properties":{"building":"yes","id":"way/416749415"},"geometry":{"type":"Polygon","coordinates":[[[11.8243199,52.380985],[11.8243327,52.3809852],[11.8243141,52.3812252],[11.824138,52.3812199],[11.8241545,52.3809824],[11.8241716,52.3809827],[11.8241769,52.3809343],[11.8243214,52.3809398],[11.8243199,52.380985]]]}},{"type":"Feature","id":"way/416749419","properties":{"building":"yes","id":"way/416749419"},"geometry":{"type":"Polygon","coordinates":[[[11.8223857,52.3796585],[11.82162,52.379657],[11.8216207,52.3795135],[11.8218006,52.3795139],[11.8218006,52.3795024],[11.8218513,52.3795025],[11.8218512,52.379514],[11.8219488,52.3795142],[11.8223702,52.379515],[11.8223865,52.3795151],[11.8223857,52.3796585]]]}},{"type":"Feature","id":"way/416749421","properties":{"building":"yes","id":"way/416749421"},"geometry":{"type":"Polygon","coordinates":[[[11.837445,52.3797897],[11.8377139,52.3798114],[11.8376167,52.3802606],[11.8373478,52.3802389],[11.837445,52.3797897]]]}},{"type":"Feature","id":"way/416749424","properties":{"building":"yes","id":"way/416749424"},"geometry":{"type":"Polygon","coordinates":[[[11.8260825,52.3815598],[11.8260791,52.3822513],[11.8258038,52.3822508],[11.8258072,52.3815593],[11.8260825,52.3815598]]]}},{"type":"Feature","id":"way/416749431","properties":{"building":"yes","id":"way/416749431"},"geometry":{"type":"Polygon","coordinates":[[[11.8344788,52.3806734],[11.8347472,52.3806916],[11.8346656,52.3811388],[11.8343973,52.3811206],[11.8344788,52.3806734]]]}},{"type":"Feature","id":"way/416749434","properties":{"building":"yes","id":"way/416749434"},"geometry":{"type":"Polygon","coordinates":[[[11.8270771,52.3822507],[11.8270746,52.3817946],[11.8273473,52.3817941],[11.827349,52.3821046],[11.8273498,52.3822501],[11.8270771,52.3822507]]]}},{"type":"Feature","id":"way/416749437","properties":{"building":"yes","id":"way/416749437"},"geometry":{"type":"Polygon","coordinates":[[[11.8244239,52.3810259],[11.825545,52.381023],[11.8255462,52.3811923],[11.8244251,52.3811952],[11.8244239,52.3810259]]]}},{"type":"Feature","id":"way/416749440","properties":{"building":"yes","id":"way/416749440"},"geometry":{"type":"Polygon","coordinates":[[[11.8267141,52.3815591],[11.8267119,52.3822523],[11.8264374,52.3822519],[11.8264396,52.3815588],[11.8267141,52.3815591]]]}},{"type":"Feature","id":"way/416749442","properties":{"building":"yes","id":"way/416749442"},"geometry":{"type":"Polygon","coordinates":[[[11.8166601,52.3817783],[11.8166587,52.3816278],[11.8172636,52.3816256],[11.8172651,52.3817762],[11.8166601,52.3817783]]]}},{"type":"Feature","id":"way/416749445","properties":{"abandoned:tower:type":"watchtower","building":"yes","id":"way/416749445"},"geometry":{"type":"Polygon","coordinates":[[[11.8278486,52.3815214],[11.8278482,52.3815009],[11.827847,52.3814333],[11.8278673,52.3814332],[11.8278669,52.3814134],[11.827959,52.3814128],[11.827961,52.3815206],[11.8278486,52.3815214]]]}},{"type":"Feature","id":"way/416749450","properties":{"building":"yes","id":"way/416749450"},"geometry":{"type":"Polygon","coordinates":[[[11.8164375,52.3829148],[11.8165384,52.3829151],[11.816538,52.3829653],[11.81644,52.3829653],[11.8164375,52.3829148]]]}},{"type":"Feature","id":"way/416749454","properties":{"abandoned:military":"yes","building":"yes","id":"way/416749454"},"geometry":{"type":"Polygon","coordinates":[[[11.8257312,52.3811911],[11.82573,52.3810233],[11.8272338,52.3810194],[11.8272349,52.3811872],[11.8257312,52.3811911]]]}},{"type":"Feature","id":"way/416749458","properties":{"building":"yes","disused:building":"hangar","id":"way/416749458"},"geometry":{"type":"Polygon","coordinates":[[[11.8257611,52.3826191],[11.8257612,52.3824525],[11.8272607,52.3824526],[11.8272607,52.3826192],[11.8257611,52.3826191]]]}},{"type":"Feature","id":"way/416749462","properties":{"building":"yes","id":"way/416749462"},"geometry":{"type":"Polygon","coordinates":[[[11.8253766,52.3816977],[11.8254111,52.3816978],[11.8254107,52.3817522],[11.8253763,52.3817522],[11.8253754,52.3818936],[11.825055,52.3818928],[11.8250554,52.3818357],[11.8250956,52.3818358],[11.825097,52.3816142],[11.8250568,52.3816142],[11.8250572,52.3815606],[11.8253775,52.3815613],[11.8253766,52.3816977]]]}},{"type":"Feature","id":"way/416749465","properties":{"building":"yes","id":"way/416749465"},"geometry":{"type":"Polygon","coordinates":[[[11.8342417,52.3834821],[11.8343266,52.3833725],[11.8348389,52.3835202],[11.834754,52.3836298],[11.8342417,52.3834821]]]}},{"type":"Feature","id":"way/416749471","properties":{"building":"yes","id":"way/416749471"},"geometry":{"type":"Polygon","coordinates":[[[11.8223097,52.3788586],[11.8220038,52.3787832],[11.8220746,52.378676],[11.8223806,52.3787515],[11.8223097,52.3788586]]]}},{"type":"Feature","id":"way/416749475","properties":{"building":"yes","id":"way/416749475"},"geometry":{"type":"Polygon","coordinates":[[[11.8150988,52.3831853],[11.8150979,52.3831485],[11.8151778,52.3831478],[11.8151786,52.3831846],[11.8150988,52.3831853]]]}},{"type":"Feature","id":"way/416749478","properties":{"building":"yes","id":"way/416749478"},"geometry":{"type":"Polygon","coordinates":[[[11.8181976,52.3817352],[11.8181981,52.3815832],[11.8189421,52.3815841],[11.8189416,52.3817362],[11.8181976,52.3817352]]]}},{"type":"Feature","id":"way/416749481","properties":{"abandoned:railway":"station","building":"yes","id":"way/416749481"},"geometry":{"type":"Polygon","coordinates":[[[11.8174284,52.3817752],[11.817427,52.3816244],[11.8180344,52.3816222],[11.8180359,52.381773],[11.8174284,52.3817752]]]}},{"type":"Feature","id":"way/416749485","properties":{"building":"yes","id":"way/416749485"},"geometry":{"type":"Polygon","coordinates":[[[11.8219375,52.3806815],[11.8219371,52.3805966],[11.8219371,52.3805811],[11.8228686,52.3805796],[11.8228688,52.3806196],[11.822869,52.38068],[11.8219375,52.3806815]]]}},{"type":"Feature","id":"way/416749487","properties":{"building":"yes","id":"way/416749487"},"geometry":{"type":"Polygon","coordinates":[[[11.8240738,52.3811978],[11.8239006,52.3811946],[11.8239212,52.3809244],[11.8240928,52.38093],[11.8240738,52.3811978]]]}},{"type":"Feature","id":"way/416749490","properties":{"building":"yes","id":"way/416749490"},"geometry":{"type":"Polygon","coordinates":[[[11.8191569,52.3787248],[11.8192038,52.3787381],[11.8191331,52.3788317],[11.8190826,52.3788174],[11.8188757,52.3790914],[11.8186193,52.3790183],[11.8190248,52.378483],[11.8188688,52.3784389],[11.8189505,52.3783311],[11.8195245,52.3784931],[11.8194428,52.3786009],[11.8192847,52.3785563],[11.8191569,52.3787248]]]}},{"type":"Feature","id":"way/416933841","properties":{"building":"yes","id":"way/416933841"},"geometry":{"type":"Polygon","coordinates":[[[11.8239281,52.3798237],[11.8239462,52.379796],[11.8240609,52.3796215],[11.8240683,52.3796233],[11.8241347,52.3795222],[11.824307,52.3795644],[11.8243567,52.3794888],[11.8247512,52.3795854],[11.8247022,52.37966],[11.8248772,52.3797028],[11.8248102,52.3798048],[11.8248145,52.3798058],[11.8246813,52.3800085],[11.8244191,52.3799443],[11.8245496,52.3797457],[11.8243208,52.3796897],[11.8241906,52.3798879],[11.8239281,52.3798237]]]}},{"type":"Feature","id":"way/416933846","properties":{"building":"yes","id":"way/416933846"},"geometry":{"type":"Polygon","coordinates":[[[11.8275847,52.3771533],[11.827012,52.3779981],[11.8267643,52.3779355],[11.8269211,52.3777042],[11.8270502,52.3775137],[11.8273369,52.3770907],[11.8275847,52.3771533]]]}},{"type":"Feature","id":"way/416933852","properties":{"building":"yes","id":"way/416933852"},"geometry":{"type":"Polygon","coordinates":[[[11.834194,52.3770102],[11.8344663,52.3770314],[11.8344013,52.3773423],[11.834129,52.3773211],[11.834194,52.3770102]]]}},{"type":"Feature","id":"way/416933855","properties":{"building":"yes","id":"way/416933855"},"geometry":{"type":"Polygon","coordinates":[[[11.8247285,52.378602],[11.8249487,52.3786605],[11.8248164,52.3788636],[11.8245933,52.3788094],[11.8247285,52.378602]]]}},{"type":"Feature","id":"way/416933862","properties":{"building":"yes","id":"way/416933862"},"geometry":{"type":"Polygon","coordinates":[[[11.8194724,52.3764323],[11.8197206,52.3764924],[11.8196183,52.37665],[11.8196066,52.3766681],[11.8195957,52.3766848],[11.8192019,52.3772916],[11.8191901,52.3773097],[11.8191636,52.3773506],[11.8190807,52.3774783],[11.8188325,52.3774183],[11.8192005,52.3768513],[11.8193126,52.3766786],[11.8194338,52.3764918],[11.8194724,52.3764323]]]}},{"type":"Feature","id":"way/416933865","properties":{"building":"yes","id":"way/416933865"},"geometry":{"type":"Polygon","coordinates":[[[11.8232876,52.3784939],[11.8230651,52.3784396],[11.823375,52.3779681],[11.8235956,52.3780216],[11.8232876,52.3784939]]]}},{"type":"Feature","id":"way/416933868","properties":{"building":"yes","id":"way/416933868"},"geometry":{"type":"Polygon","coordinates":[[[11.8237855,52.3773292],[11.8240104,52.3773834],[11.823705,52.3778559],[11.82348,52.3778017],[11.8237855,52.3773292]]]}},{"type":"Feature","id":"way/416933874","properties":{"building":"yes","id":"way/416933874"},"geometry":{"type":"Polygon","coordinates":[[[11.8228022,52.3783796],[11.8220145,52.3781885],[11.8220997,52.3780518],[11.8228898,52.378242],[11.8228022,52.3783796]]]}},{"type":"Feature","id":"way/416933877","properties":{"building":"yes","id":"way/416933877"},"geometry":{"type":"Polygon","coordinates":[[[11.8253157,52.3776997],[11.8255396,52.3777539],[11.8252324,52.3782264],[11.8250085,52.3781722],[11.8253157,52.3776997]]]}},{"type":"Feature","id":"way/416933880","properties":{"building":"yes","id":"way/416933880"},"geometry":{"type":"Polygon","coordinates":[[[11.8236409,52.3784242],[11.8244154,52.3786113],[11.8243271,52.3787475],[11.8235526,52.3785603],[11.8236409,52.3784242]]]}},{"type":"Feature","id":"way/416933883","properties":{"building":"yes","id":"way/416933883"},"geometry":{"type":"Polygon","coordinates":[[[11.8239176,52.3829517],[11.8238881,52.382951],[11.8238897,52.3829256],[11.8239192,52.3829263],[11.8239176,52.3829517]]]}},{"type":"Feature","id":"way/416933886","properties":{"building":"yes","id":"way/416933886"},"geometry":{"type":"Polygon","coordinates":[[[11.8285683,52.3774045],[11.8288193,52.3774674],[11.8282535,52.3783099],[11.8280024,52.378247],[11.8285683,52.3774045]]]}},{"type":"Feature","id":"way/416933889","properties":{"building":"yes","id":"way/416933889"},"geometry":{"type":"Polygon","coordinates":[[[11.8287244,52.3850418],[11.8288255,52.3850413],[11.8288268,52.3851304],[11.8287256,52.3851309],[11.8287244,52.3850418]]]}},{"type":"Feature","id":"way/416933892","properties":{"building":"yes","id":"way/416933892"},"geometry":{"type":"Polygon","coordinates":[[[11.8204294,52.3778038],[11.8205306,52.3776485],[11.8205576,52.3776071],[11.8209411,52.3770183],[11.8209667,52.376979],[11.8210707,52.3768193],[11.8213166,52.376879],[11.8206753,52.3778635],[11.8204294,52.3778038]]]}},{"type":"Feature","id":"way/416933895","properties":{"building":"yes","id":"way/416933895"},"geometry":{"type":"Polygon","coordinates":[[[11.823287,52.3789711],[11.8234307,52.3790064],[11.8234628,52.3790143],[11.8238728,52.379115],[11.8239114,52.3791244],[11.8240586,52.3791606],[11.8239693,52.379296],[11.8231977,52.3791066],[11.823287,52.3789711]]]}},{"type":"Feature","id":"way/416933898","properties":{"building":"yes","id":"way/416933898"},"geometry":{"type":"Polygon","coordinates":[[[11.8269395,52.385439],[11.8269381,52.3853839],[11.8270482,52.3853839],[11.8270501,52.3854356],[11.8270299,52.3854519],[11.8269671,52.3854533],[11.8269395,52.385439]]]}},{"type":"Feature","id":"way/416976820","properties":{"building":"yes","id":"way/416976820"},"geometry":{"type":"Polygon","coordinates":[[[11.8253505,52.3794777],[11.8257961,52.3795876],[11.8259849,52.3796341],[11.8258983,52.379765],[11.8252639,52.3796086],[11.8253505,52.3794777]]]}},{"type":"Feature","id":"way/588483139","properties":{"building":"yes","disused:military":"bunker","id":"way/588483139"},"geometry":{"type":"Polygon","coordinates":[[[11.830963,52.380057],[11.8308716,52.379922],[11.8310528,52.3798763],[11.8311442,52.3800112],[11.830963,52.380057]]]}},{"type":"Feature","id":"way/854677781","properties":{"building":"yes","id":"way/854677781"},"geometry":{"type":"Polygon","coordinates":[[[11.8199433,52.3799347],[11.8199427,52.3798641],[11.8201286,52.3798636],[11.8201292,52.3799341],[11.8199433,52.3799347]]]}},{"type":"Feature","id":"way/854677782","properties":{"building":"ruins","id":"way/854677782"},"geometry":{"type":"Polygon","coordinates":[[[11.8166046,52.3800687],[11.8165903,52.379851],[11.8167664,52.3798467],[11.8167806,52.3800644],[11.8166046,52.3800687]]]}},{"type":"Feature","id":"way/854677783","properties":{"building":"yes","id":"way/854677783"},"geometry":{"type":"Polygon","coordinates":[[[11.8170887,52.3780029],[11.8170941,52.3779145],[11.8172711,52.3778391],[11.8174481,52.3779079],[11.8174481,52.3780062],[11.8172926,52.378088],[11.8170887,52.3780029]]]}},{"type":"Feature","id":"way/858192579","properties":{"building":"yes","id":"way/858192579"},"geometry":{"type":"Polygon","coordinates":[[[11.8264821,52.3777816],[11.8259426,52.3776508],[11.8260298,52.3775167],[11.8265693,52.3776476],[11.8264821,52.3777816]]]}},{"type":"Feature","id":"way/863138017","properties":{"building":"yes","id":"way/863138017"},"geometry":{"type":"Polygon","coordinates":[[[11.816354,52.3772848],[11.8166678,52.3773605],[11.8165978,52.3774687],[11.816284,52.377393],[11.816354,52.3772848]]]}},{"type":"Feature","id":"way/863138018","properties":{"building":"yes","id":"way/863138018"},"geometry":{"type":"Polygon","coordinates":[[[11.8154887,52.3776896],[11.8158314,52.3771592],[11.8160164,52.3772038],[11.8156737,52.3777341],[11.8154887,52.3776896]]]}},{"type":"Feature","id":"way/863138019","properties":{"building":"yes","id":"way/863138019"},"geometry":{"type":"Polygon","coordinates":[[[11.8154361,52.3770613],[11.8150926,52.3775929],[11.8149071,52.3775482],[11.8152506,52.3770167],[11.8154361,52.3770613]]]}},{"type":"Feature","id":"way/863159199","properties":{"building":"yes","disused:military":"bunker","id":"way/863159199"},"geometry":{"type":"Polygon","coordinates":[[[11.8336487,52.3792984],[11.8336474,52.3792405],[11.8337409,52.3792397],[11.8337422,52.3792976],[11.8336487,52.3792984]]]}},{"type":"Feature","id":"way/863159200","properties":{"natural":"grassland","id":"way/863159200"},"geometry":{"type":"Polygon","coordinates":[[[11.8309664,52.3762223],[11.830751,52.376175],[11.830462,52.3761393],[11.8302902,52.3761208],[11.8301145,52.3761139],[11.8299936,52.3761185],[11.8298425,52.3761462],[11.8297216,52.3762119],[11.8296447,52.3762932],[11.8295846,52.376273],[11.8295044,52.3762892],[11.8294553,52.3763157],[11.8293325,52.3763838],[11.8292059,52.3763849],[11.8290964,52.3763538],[11.8290529,52.3762488],[11.8290851,52.3760586],[11.8291191,52.3760263],[11.8292853,52.375964],[11.8293571,52.3758372],[11.8294118,52.3757957],[11.829527,52.375783],[11.8295894,52.3758199],[11.8295635,52.3758866],[11.8296404,52.3758891],[11.8297178,52.3758533],[11.8297632,52.375783],[11.8296706,52.3757288],[11.8296215,52.3756942],[11.8295365,52.375678],[11.8294779,52.3756469],[11.8294194,52.3755835],[11.8294307,52.3755039],[11.8294949,52.375444],[11.8295478,52.3753702],[11.8296196,52.375354],[11.8296876,52.3753748],[11.8297632,52.3754048],[11.8298085,52.3754739],[11.8299124,52.3754463],[11.8299955,52.3754221],[11.8301088,52.3755178],[11.8301523,52.3755939],[11.8302052,52.3756665],[11.8303349,52.3757013],[11.8310755,52.3758053],[11.8311137,52.3758579],[11.8311458,52.3759237],[11.8311779,52.3759928],[11.8311496,52.3761231],[11.8310967,52.3761866],[11.8309664,52.3762223]]]}},{"type":"Feature","id":"way/863159201","properties":{"building":"ruins","id":"way/863159201"},"geometry":{"type":"Polygon","coordinates":[[[11.8235201,52.3813853],[11.822898,52.3813727],[11.8229044,52.3812535],[11.8235266,52.3812661],[11.8235201,52.3813853]]]}},{"type":"Feature","id":"way/863159202","properties":{"basin":"retention","name":"Wasserreservoir","natural":"water","water":"basin","id":"way/863159202"},"geometry":{"type":"Polygon","coordinates":[[[11.8200871,52.3796815],[11.8198999,52.379681],[11.8199024,52.3793674],[11.8200896,52.379368],[11.8200892,52.3794223],[11.8200871,52.3796815]]]}},{"type":"Feature","id":"way/863159213","properties":{"building":"yes","generator:method":"photovoltaic","generator:output:electricity":"yes","generator:source":"solar","generator:type":"solar_photovoltaic_panel","location":"roof","power":"generator","id":"way/863159213"},"geometry":{"type":"Polygon","coordinates":[[[11.8236426,52.3759481],[11.8237346,52.3757896],[11.8248559,52.3760324],[11.8251373,52.3760933],[11.8250452,52.3762518],[11.8249787,52.3762374],[11.8236426,52.3759481]]]}},{"type":"Feature","id":"way/863408900","properties":{"building":"yes","id":"way/863408900"},"geometry":{"type":"Polygon","coordinates":[[[11.817789,52.3755173],[11.8192249,52.3758662],[11.8191356,52.3760033],[11.8190266,52.3759768],[11.8176996,52.3756544],[11.817789,52.3755173]]]}},{"type":"Feature","id":"way/863408903","properties":{"building":"yes","id":"way/863408903"},"geometry":{"type":"Polygon","coordinates":[[[11.8211416,52.376308],[11.821041,52.3764675],[11.8209856,52.376454],[11.8202001,52.3762632],[11.8201321,52.3762467],[11.8201971,52.3761457],[11.8202329,52.3760901],[11.8205761,52.3761718],[11.8205931,52.3761457],[11.820622,52.3761014],[11.820787,52.3758487],[11.8210032,52.3759009],[11.8208704,52.3761069],[11.8207951,52.3762238],[11.8211416,52.376308]]]}},{"type":"Feature","id":"way/863408904","properties":{"building":"yes","id":"way/863408904"},"geometry":{"type":"Polygon","coordinates":[[[11.8225335,52.3763732],[11.8224797,52.3764563],[11.8219853,52.376337],[11.8219548,52.3763841],[11.8218076,52.3763486],[11.8217367,52.3763315],[11.8217679,52.3762833],[11.8217262,52.3762732],[11.8217584,52.3762235],[11.8217793,52.3761912],[11.8225335,52.3763732]]]}},{"type":"Feature","id":"way/863408905","properties":{"intermittent":"yes","natural":"water","water":"basin","id":"way/863408905"},"geometry":{"type":"Polygon","coordinates":[[[11.8226316,52.3763466],[11.822701,52.3762358],[11.8229229,52.3762876],[11.8228535,52.3763984],[11.8226316,52.3763466]]]}},{"type":"Feature","id":"way/863408906","properties":{"building":"yes","id":"way/863408906"},"geometry":{"type":"Polygon","coordinates":[[[11.8238958,52.376778],[11.823207,52.3766116],[11.8233085,52.3764566],[11.8239964,52.376623],[11.8238958,52.376778]]]}},{"type":"Feature","id":"way/863408907","properties":{"building":"yes","id":"way/863408907"},"geometry":{"type":"Polygon","coordinates":[[[11.8244053,52.376723],[11.825103,52.3768865],[11.8250075,52.3770384],[11.8243098,52.3768749],[11.8244053,52.376723]]]}},{"type":"Feature","id":"way/863408908","properties":{"building":"yes","id":"way/863408908"},"geometry":{"type":"Polygon","coordinates":[[[11.8246409,52.377348],[11.8246991,52.3772496],[11.8251387,52.3773464],[11.8250805,52.3774448],[11.8246409,52.377348]]]}},{"type":"Feature","id":"way/863408909","properties":{"building":"yes","id":"way/863408909"},"geometry":{"type":"Polygon","coordinates":[[[11.8265238,52.3760038],[11.8264396,52.3759845],[11.8264713,52.375933],[11.8266744,52.3759797],[11.8268082,52.3760105],[11.8267785,52.3760585],[11.8267887,52.3760608],[11.8266646,52.3762619],[11.8266602,52.3762609],[11.8266248,52.3763184],[11.8262946,52.3762425],[11.8263111,52.3762157],[11.826327,52.37619],[11.8263987,52.3762065],[11.8265238,52.3760038]]]}},{"type":"Feature","id":"way/863408914","properties":{"landuse":"meadow","id":"way/863408914"},"geometry":{"type":"Polygon","coordinates":[[[11.8321242,52.3759825],[11.8321129,52.3760632],[11.8320336,52.3761255],[11.8319176,52.3761989],[11.8318371,52.3762707],[11.8319467,52.3763076],[11.832094,52.376303],[11.8321545,52.3762315],[11.8322028,52.3762155],[11.8323037,52.3762442],[11.8323868,52.3762777],[11.8324208,52.376333],[11.8324756,52.3763722],[11.8325587,52.3763745],[11.8326305,52.3763388],[11.8328345,52.3763238],[11.832978,52.3762742],[11.8329742,52.3763376],[11.8329875,52.3763941],[11.8331159,52.3764483],[11.8332916,52.376423],[11.8333218,52.37631],[11.8334483,52.3763434],[11.8335069,52.3763676],[11.8335447,52.3763249],[11.833559,52.3762941],[11.8335522,52.3762442],[11.8335844,52.3761665],[11.8340943,52.376164],[11.8341642,52.3762327],[11.8342436,52.3762742],[11.8342624,52.376348],[11.8342568,52.3763872],[11.834287,52.3764149],[11.834406,52.376363],[11.834457,52.3763711],[11.8345741,52.3764149],[11.8346969,52.3764379],[11.8347025,52.376521],[11.8348291,52.3765498],[11.8349972,52.3765302],[11.8352148,52.3765221],[11.8354184,52.3765083],[11.8357924,52.3764622],[11.8361626,52.3763861],[11.8362495,52.3763838],[11.8361211,52.3764714],[11.8360531,52.3765498],[11.8359813,52.376619],[11.8358604,52.376642],[11.8355695,52.3766167],[11.8353807,52.3766075],[11.8352112,52.3766497],[11.8350293,52.3766363],[11.8348669,52.3766478],[11.8345911,52.3767147],[11.8342776,52.3767262],[11.8340433,52.3767597],[11.8338544,52.3767781],[11.8337317,52.3767735],[11.8336083,52.3767773],[11.8333419,52.3767797],[11.8332783,52.3768358],[11.8331065,52.3768646],[11.8330045,52.3769097],[11.8330026,52.3768531],[11.8330139,52.3767608],[11.8330403,52.3766789],[11.8330687,52.3766674],[11.8332103,52.3766467],[11.8333596,52.376634],[11.8333728,52.3766017],[11.8332746,52.3766028],[11.833012,52.3766213],[11.8328345,52.3766536],[11.8321677,52.3768162],[11.8320185,52.3768588],[11.8319996,52.3768865],[11.8319561,52.3769511],[11.8319202,52.3769891],[11.8318692,52.376996],[11.8311647,52.3769568],[11.8311194,52.3769442],[11.8310816,52.376913],[11.831057,52.3768623],[11.8310608,52.3768277],[11.8310929,52.3767781],[11.8311609,52.3767032],[11.8312233,52.376634],[11.8312743,52.3765556],[11.8312818,52.3764841],[11.8312743,52.3764218],[11.8311987,52.376333],[11.8314084,52.3763307],[11.8315028,52.3763065],[11.8315859,52.37628],[11.8316199,52.3762315],[11.8316105,52.3762039],[11.8315568,52.376178],[11.8314792,52.3760245],[11.8315614,52.3760055],[11.8317011,52.3760032],[11.8317994,52.375911],[11.8319051,52.3758118],[11.8320562,52.3756596],[11.8321658,52.3756089],[11.8322414,52.3756042],[11.8323898,52.3756338],[11.8324677,52.3755804],[11.8325645,52.3754833],[11.8326269,52.3753595],[11.8326892,52.3752262],[11.8328617,52.3751989],[11.8329013,52.3750054],[11.8326653,52.3746982],[11.8327833,52.3740273],[11.8329563,52.3738963],[11.8333339,52.3740307],[11.8351349,52.3738483],[11.8353384,52.3739452],[11.8355282,52.3740355],[11.8353787,52.3741556],[11.8349147,52.3743813],[11.8349855,52.3746309],[11.8353709,52.3746021],[11.8358585,52.3746309],[11.8360708,52.3747894],[11.8366922,52.3747414],[11.8367865,52.3750295],[11.8332473,52.3754376],[11.8331465,52.3754068],[11.8330792,52.3754071],[11.8331354,52.3755062],[11.8331915,52.3756795],[11.8330948,52.3757252],[11.8330262,52.3756071],[11.8329762,52.3755728],[11.8327922,52.3754128],[11.8327516,52.3754205],[11.8326674,52.37555],[11.8327236,52.3756395],[11.8329388,52.3757099],[11.8329825,52.3757861],[11.8327891,52.3758547],[11.832527,52.3758642],[11.8322712,52.3759004],[11.8321242,52.3759825]]]}},{"type":"Feature","id":"way/863408918","properties":{"landuse":"meadow","id":"way/863408918"},"geometry":{"type":"Polygon","coordinates":[[[11.8339504,52.380479],[11.833985,52.3805173],[11.8340311,52.3806017],[11.8340212,52.3807144],[11.8339916,52.3808974],[11.8339784,52.3810563],[11.8339257,52.3812634],[11.8338664,52.3813519],[11.8338466,52.3814283],[11.8338675,52.3814804],[11.8340014,52.3815409],[11.8341105,52.3816218],[11.8341911,52.3816484],[11.8341505,52.3818304],[11.8341065,52.3818857],[11.8340462,52.3819614],[11.8339924,52.3820289],[11.83378,52.3821502],[11.8331973,52.3823102],[11.8329409,52.382071],[11.8327275,52.3818718],[11.8329323,52.3817422],[11.8329863,52.381708],[11.8333419,52.381483],[11.833369,52.3814003],[11.8335406,52.3812707],[11.8336897,52.3812927],[11.8337575,52.3814306],[11.8338417,52.3812262],[11.8338713,52.3811679],[11.8338581,52.3811166],[11.8338581,52.3810221],[11.8339026,52.3808219],[11.8339224,52.3807073],[11.8339224,52.3806108],[11.8338565,52.3805072],[11.8337791,52.3804881],[11.8337286,52.3804845],[11.8338005,52.380477],[11.8339504,52.380479]]]}},{"type":"Feature","id":"way/863408919","properties":{"natural":"grassland","id":"way/863408919"},"geometry":{"type":"Polygon","coordinates":[[[11.8277041,52.3807599],[11.8277233,52.3807652],[11.8277704,52.3808127],[11.8277745,52.3808989],[11.8278579,52.3809439],[11.8280797,52.3810675],[11.8281317,52.3811076],[11.8280643,52.3811579],[11.828016,52.3813069],[11.8281191,52.3814096],[11.8280955,52.3815332],[11.8280275,52.3815261],[11.827961,52.3815206],[11.8278486,52.3815214],[11.8278482,52.3815009],[11.8277845,52.3814879],[11.8277007,52.381478],[11.827522,52.3814742],[11.8273686,52.3815037],[11.827005,52.3814806],[11.8269503,52.3815114],[11.8269713,52.3815396],[11.8271295,52.3815603],[11.8269448,52.3816557],[11.8270746,52.3817946],[11.8270771,52.3822507],[11.8273498,52.3822501],[11.827349,52.3821046],[11.8276363,52.3820443],[11.8280882,52.3820819],[11.8284306,52.382059],[11.8284805,52.3820587],[11.8285759,52.382058],[11.8287215,52.3820569],[11.8286668,52.3824748],[11.8288687,52.3824915],[11.8298159,52.3825223],[11.8307953,52.3825004],[11.830769,52.3825757],[11.8306902,52.3826724],[11.8305321,52.3826988],[11.8303438,52.3826102],[11.8298454,52.3826377],[11.828879,52.3826294],[11.8286633,52.3826733],[11.8286633,52.3827631],[11.8286394,52.3828634],[11.8285846,52.3828889],[11.8285782,52.3825636],[11.8285073,52.3825606],[11.8284925,52.3828854],[11.8284085,52.382806],[11.8283212,52.3827587],[11.828196,52.3827245],[11.8280543,52.3826953],[11.8278813,52.3826923],[11.8277495,52.3826913],[11.827303,52.3826934],[11.8272607,52.3826192],[11.8272607,52.3824526],[11.8257612,52.3824525],[11.8254978,52.3821956],[11.8251163,52.3822429],[11.8246753,52.3821155],[11.824571,52.3820733],[11.8243861,52.3820297],[11.824323,52.3820361],[11.8242032,52.3820553],[11.8241633,52.382081],[11.8241444,52.3821323],[11.8241654,52.3821811],[11.8241528,52.3822093],[11.8240603,52.3822311],[11.8239846,52.3821965],[11.8239678,52.3821567],[11.8239783,52.3820874],[11.8240498,52.3820348],[11.8241381,52.3819848],[11.8242179,52.3819193],[11.8242263,52.3818642],[11.8241486,52.3817885],[11.8241065,52.38175],[11.8241065,52.3817025],[11.8240913,52.3816376],[11.8242326,52.3816538],[11.8243934,52.3816711],[11.824508,52.3816903],[11.8244491,52.3817089],[11.8244176,52.3817474],[11.8243293,52.3817949],[11.8242873,52.3818116],[11.8242978,52.3818578],[11.8243714,52.3818988],[11.8244407,52.3819655],[11.8245126,52.3819884],[11.8246335,52.3819118],[11.8246157,52.3817372],[11.8246197,52.3817038],[11.8246751,52.3816557],[11.8248497,52.3816536],[11.8249079,52.3815637],[11.8248873,52.3813882],[11.8250688,52.381313],[11.8251167,52.3812607],[11.8249074,52.3812599],[11.8249147,52.3812933],[11.8248863,52.3813253],[11.8248516,52.3813792],[11.8247949,52.381385],[11.8246951,52.381376],[11.8246793,52.3813689],[11.824674,52.3813202],[11.8246404,52.3812945],[11.82455,52.3812913],[11.8245132,52.3813208],[11.8244912,52.3813689],[11.8244323,52.3813766],[11.8243262,52.3813786],[11.8243031,52.3813568],[11.8242305,52.3813426],[11.8241423,52.3813523],[11.8239668,52.3813555],[11.8239142,52.3813471],[11.8239153,52.3812888],[11.8238732,52.381249],[11.8238554,52.3811938],[11.8238365,52.3811079],[11.8238322,52.3810335],[11.8238512,52.380986],[11.8238943,52.3809635],[11.8239212,52.3809244],[11.8239006,52.3811946],[11.8240738,52.3811978],[11.8240928,52.38093],[11.8241769,52.3809343],[11.8241716,52.3809827],[11.8241545,52.3809824],[11.824138,52.3812199],[11.8243141,52.3812252],[11.8243327,52.3809852],[11.8243199,52.380985],[11.8243214,52.3809398],[11.8243572,52.3809363],[11.8243833,52.3809226],[11.8244805,52.3808973],[11.8244954,52.3808032],[11.8245059,52.38073],[11.8246262,52.3806583],[11.8251701,52.3806402],[11.8255484,52.3806454],[11.8256367,52.3806736],[11.8256713,52.3807258],[11.8256816,52.3808428],[11.8257535,52.3809138],[11.8259999,52.3809013],[11.8260991,52.3808737],[11.826139,52.3807724],[11.8262118,52.3807308],[11.8263114,52.3807313],[11.8263921,52.3808503],[11.8264585,52.3808737],[11.8266035,52.3808866],[11.8268092,52.3808536],[11.8270509,52.3808971],[11.8271169,52.3808055],[11.8272918,52.3807126],[11.8274367,52.3807044],[11.827493,52.380819],[11.8276164,52.3809091],[11.8277049,52.380896],[11.8276915,52.3808272],[11.8276244,52.3807781],[11.8277041,52.3807599]]]}},{"type":"Feature","id":"way/863408920","properties":{"landuse":"meadow","natural":"grassland","id":"way/863408920"},"geometry":{"type":"Polygon","coordinates":[[[11.8028646,52.3737657],[11.8087308,52.3752009],[11.8097046,52.3754318],[11.8148093,52.376664],[11.8147622,52.3767042],[11.8141622,52.3765792],[11.8131316,52.3763465],[11.8112492,52.3759098],[11.8104586,52.3757059],[11.809828,52.3756197],[11.8095394,52.3756248],[11.8091259,52.376265],[11.8088442,52.3763016],[11.8087304,52.3763858],[11.8087304,52.3764809],[11.8088682,52.376426],[11.8092997,52.3766163],[11.8098031,52.3768797],[11.8097372,52.3770809],[11.809947,52.3771614],[11.809923,52.3773553],[11.8097912,52.3773956],[11.8095934,52.3773334],[11.8094735,52.3771504],[11.8091739,52.3771541],[11.8091499,52.3772602],[11.8088562,52.3772748],[11.8089281,52.3771468],[11.8088622,52.3770041],[11.8086225,52.3769419],[11.8084667,52.3771029],[11.8084007,52.377326],[11.8085625,52.3774175],[11.8087543,52.3773956],[11.8087603,52.3775346],[11.8085326,52.3775785],[11.808161,52.3774395],[11.8078014,52.3775858],[11.80731,52.3782773],[11.8070942,52.3785956],[11.8071101,52.37878],[11.807221,52.3788271],[11.8073339,52.3788573],[11.8073833,52.3789205],[11.8073551,52.3790167],[11.8071904,52.3791043],[11.8070868,52.3790943],[11.8070327,52.3790139],[11.806901,52.378932],[11.8068539,52.3790225],[11.8067339,52.3791963],[11.8065739,52.3794246],[11.8064092,52.3797306],[11.8062798,52.3799388],[11.8060586,52.380295],[11.8059598,52.3805564],[11.8057833,52.3807475],[11.8055833,52.3809428],[11.8054092,52.3813435],[11.8053315,52.3815044],[11.8053527,52.3815561],[11.8055786,52.3814943],[11.8056045,52.3815015],[11.805701,52.3815719],[11.8057174,52.3816423],[11.8056821,52.3816925],[11.805468,52.3817514],[11.8053362,52.3817744],[11.8050774,52.381773],[11.8049574,52.3818362],[11.804948,52.3819252],[11.8048562,52.381918],[11.8047668,52.3819439],[11.8046468,52.3819381],[11.8045786,52.3818678],[11.8046162,52.3818103],[11.8046115,52.3817428],[11.8045104,52.3817141],[11.8042139,52.3817141],[11.803908,52.3817442],[11.8036892,52.3817457],[11.8030986,52.3816868],[11.8028209,52.3816724],[11.8026327,52.3817012],[11.8025645,52.3817557],[11.8025786,52.3818606],[11.8025974,52.3819956],[11.802468,52.3820085],[11.8023856,52.3819439],[11.8023739,52.3818476],[11.8022939,52.3817916],[11.8020539,52.3817428],[11.8018045,52.3817213],[11.8013997,52.3816739],[11.8011903,52.3816236],[11.800868,52.3815073],[11.8006539,52.3813694],[11.8004186,52.3812487],[11.8000962,52.3811051],[11.7996374,52.3809672],[11.7993856,52.3808652],[11.7985903,52.3806153],[11.7977056,52.3803137],[11.7974844,52.3802232],[11.7971809,52.3801371],[11.7967856,52.3800308],[11.7965899,52.3799702],[11.7966473,52.379907],[11.7966938,52.3799245],[11.7968209,52.3799317],[11.7972115,52.3800466],[11.7981409,52.380397],[11.7990209,52.3806714],[11.7993291,52.3807475],[11.7994538,52.3807705],[11.799555,52.3807733],[11.7996468,52.3807403],[11.7998586,52.3804674],[11.8005339,52.3796229],[11.8010468,52.3790598],[11.8011197,52.3789779],[11.8011997,52.3788185],[11.801195,52.3786246],[11.8012115,52.3785054],[11.8013503,52.3783187],[11.8014044,52.3781477],[11.8014609,52.3779941],[11.8015339,52.3779093],[11.8017339,52.3778504],[11.801908,52.377803],[11.8020327,52.3776723],[11.8022209,52.3776306],[11.8024115,52.3776378],[11.8025833,52.3776048],[11.8027056,52.3775344],[11.802868,52.3775114],[11.8031268,52.3775703],[11.8034139,52.3776321],[11.8036703,52.3776479],[11.8039527,52.3776838],[11.8037974,52.377882],[11.8036939,52.3780486],[11.8036327,52.3782009],[11.803708,52.3783847],[11.8036845,52.3785111],[11.8035292,52.3785758],[11.8033551,52.3787438],[11.8031645,52.3789492],[11.8029762,52.3789406],[11.802628,52.3788487],[11.8023903,52.3788271],[11.8023386,52.3788702],[11.802235,52.3789952],[11.8020492,52.3790383],[11.8020445,52.3789564],[11.802108,52.3788602],[11.8021739,52.3787941],[11.8022492,52.3786232],[11.8019715,52.3785858],[11.8017056,52.3785729],[11.8015597,52.3786304],[11.8015127,52.3786892],[11.8014774,52.3788027],[11.8014421,52.3789076],[11.8013503,52.3789736],[11.8012115,52.379067],[11.8007644,52.3796229],[11.8003856,52.3800523],[11.8001574,52.3803324],[11.7999809,52.3805407],[11.7998609,52.380667],[11.7998068,52.3807733],[11.7997503,52.3808581],[11.7998091,52.3809457],[11.8000138,52.3810103],[11.8004021,52.3811784],[11.8010256,52.3813493],[11.8014727,52.3815231],[11.8018374,52.3816064],[11.801988,52.3816265],[11.802068,52.3815547],[11.8020445,52.3815173],[11.8020586,52.3813622],[11.8023597,52.3810003],[11.8025668,52.3807101],[11.8027268,52.3804688],[11.8028915,52.3803338],[11.8030703,52.3802419],[11.803348,52.3802161],[11.803508,52.3802563],[11.8035315,52.380331],[11.8033762,52.3804717],[11.8032115,52.3806757],[11.8030186,52.3808681],[11.8030233,52.381029],[11.803188,52.3810893],[11.8034233,52.3810951],[11.8034915,52.3811396],[11.8034515,52.3812243],[11.8033809,52.3813464],[11.8033668,52.3814857],[11.8034021,52.3815805],[11.8035762,52.381625],[11.8039221,52.3816638],[11.8041833,52.3816681],[11.8043033,52.3816308],[11.8044986,52.3815834],[11.8046915,52.3815891],[11.8048515,52.3815992],[11.8050515,52.3815934],[11.8051762,52.3815776],[11.8053362,52.3811769],[11.8054233,52.381039],[11.8055692,52.3807934],[11.8057198,52.3806096],[11.8058374,52.3804473],[11.8060233,52.3801687],[11.8061292,52.3799633],[11.8062892,52.3797205],[11.8064586,52.3794505],[11.8066163,52.3791216],[11.8069204,52.3787529],[11.8068545,52.378237],[11.807304,52.3776553],[11.807298,52.3775492],[11.8067466,52.3775602],[11.806387,52.3772895],[11.8062372,52.3767882],[11.8046523,52.3762583],[11.8053596,52.3751709],[11.8057356,52.375153],[11.806263,52.3754567],[11.806257,52.3755555],[11.8057956,52.3761958],[11.8058016,52.3762909],[11.8059454,52.3761994],[11.8060832,52.3762616],[11.8062091,52.376258],[11.8060952,52.376108],[11.806257,52.3760421],[11.8064249,52.3759104],[11.8064668,52.375647],[11.8065807,52.375636],[11.8068264,52.3757275],[11.8067545,52.3758738],[11.8067365,52.3760311],[11.8068504,52.376108],[11.8069642,52.3760531],[11.8069283,52.3758702],[11.8070122,52.3757311],[11.8068624,52.3755848],[11.8067125,52.3755957],[11.8065353,52.375507],[11.8064527,52.3753851],[11.8059777,52.3750993],[11.8057815,52.3749396],[11.8049243,52.3747231],[11.8049829,52.3746117],[11.8047293,52.3745682],[11.8045044,52.3745571],[11.8039261,52.3744247],[11.8034852,52.374264],[11.8029887,52.3741683],[11.8029455,52.3740985],[11.8030202,52.3739753],[11.8029331,52.3739113],[11.8026793,52.3737773],[11.8024173,52.3736681],[11.8025541,52.3736709],[11.8028646,52.3737657]]]}},{"type":"Feature","id":"way/863412157","properties":{"landuse":"meadow","id":"way/863412157"},"geometry":{"type":"Polygon","coordinates":[[[11.8178573,52.3791033],[11.8178482,52.3790589],[11.8179927,52.3789359],[11.8182888,52.378643],[11.8186773,52.3784873],[11.8188364,52.37833],[11.818857,52.3782304],[11.8188702,52.3780746],[11.819054,52.3779481],[11.8191655,52.3779023],[11.819378,52.3779512],[11.8195807,52.3779605],[11.8197105,52.3779665],[11.8199011,52.3780608],[11.819965,52.378143],[11.8196333,52.3786652],[11.8197105,52.3787317],[11.8196105,52.3789702],[11.8194104,52.3789219],[11.8192448,52.3789245],[11.8191923,52.3789648],[11.8191303,52.3791057],[11.8190649,52.3792062],[11.818973,52.3792495],[11.8187378,52.3792681],[11.8184857,52.3792406],[11.8183076,52.379208],[11.8180708,52.379131],[11.8178573,52.3791033]]]}},{"type":"Feature","id":"way/863412158","properties":{"landuse":"meadow","id":"way/863412158"},"geometry":{"type":"Polygon","coordinates":[[[11.8151131,52.3811051],[11.8151504,52.3810635],[11.8151563,52.3810512],[11.8151469,52.3809629],[11.8151446,52.3808566],[11.8151634,52.3808279],[11.8151657,52.3807791],[11.8151034,52.3806455],[11.8150999,52.3805895],[11.8151104,52.3805651],[11.8151199,52.3804753],[11.8150822,52.3804042],[11.8150622,52.3803726],[11.8150457,52.3803338],[11.8150552,52.3802721],[11.8150422,52.3802261],[11.8150257,52.3801888],[11.8148587,52.3801586],[11.814668,52.3801581],[11.8143873,52.3801605],[11.8143517,52.3794412],[11.8143873,52.3792892],[11.8153756,52.3793255],[11.8153793,52.3793995],[11.8153799,52.3794591],[11.8153746,52.3795187],[11.815361,52.3795615],[11.8153528,52.3795733],[11.8153216,52.3795765],[11.8152975,52.3796207],[11.815261,52.3796498],[11.8152052,52.379671],[11.8151034,52.3796817],[11.8150504,52.379671],[11.8149869,52.3796437],[11.8149516,52.3795992],[11.8149399,52.3795618],[11.814681,52.3795575],[11.8146787,52.3800085],[11.8152128,52.3800078],[11.8152745,52.3800311],[11.8152769,52.3808267],[11.8153299,52.381266],[11.8149369,52.3812732],[11.8148222,52.3812032],[11.8146483,52.3811887],[11.814665,52.3811192],[11.8149923,52.3811235],[11.8151109,52.3812056],[11.8151131,52.3811051]]]}},{"type":"Feature","id":"way/863412159","properties":{"natural":"grassland","id":"way/863412159"},"geometry":{"type":"Polygon","coordinates":[[[11.8139384,52.3832089],[11.8139276,52.383255],[11.8136967,52.3833687],[11.8130888,52.3833589],[11.8129781,52.3833516],[11.8128318,52.3833709],[11.812812,52.3829317],[11.8128871,52.3828351],[11.8130292,52.3827766],[11.8135933,52.3827719],[11.8136674,52.3827959],[11.8137185,52.3828401],[11.8137316,52.3828723],[11.8137267,52.3829156],[11.8136905,52.3829638],[11.8136344,52.382991],[11.8135702,52.3830071],[11.8135702,52.3831076],[11.8136707,52.3831448],[11.8138255,52.3831981],[11.8139384,52.3832089]]]}},{"type":"Feature","id":"way/863591901","properties":{"building":"yes","id":"way/863591901"},"geometry":{"type":"Polygon","coordinates":[[[11.8147727,52.3780708],[11.8147505,52.3780251],[11.8148282,52.3780339],[11.8147727,52.3780708]]]}},{"type":"Feature","id":"way/864769690","properties":{"natural":"wood","id":"way/864769690"},"geometry":{"type":"Polygon","coordinates":[[[11.8344282,52.381907],[11.8344891,52.3818346],[11.8345616,52.3818054],[11.8346506,52.3818024],[11.8347659,52.3818064],[11.8349174,52.3818296],[11.835153,52.3818939],[11.835382,52.3819522],[11.8355105,52.3820035],[11.8356505,52.3820679],[11.8358318,52.3821101],[11.8360097,52.3821423],[11.8361316,52.3821533],[11.8363112,52.3821513],[11.8364611,52.3821262],[11.8365797,52.3821051],[11.8366818,52.382093],[11.8368301,52.3815902],[11.8370294,52.3807375],[11.8371134,52.3803453],[11.8371678,52.3802427],[11.8371909,52.3802357],[11.8373478,52.3802389],[11.8376167,52.3802606],[11.8377139,52.3798114],[11.837445,52.3797897],[11.8372634,52.3797349],[11.8372601,52.3796766],[11.837265,52.379573],[11.8372403,52.3795187],[11.8370574,52.3794473],[11.8369152,52.3794192],[11.8369372,52.3793346],[11.8369734,52.3792089],[11.8370492,52.3788348],[11.8368046,52.3788133],[11.836646,52.3788001],[11.8366163,52.3789331],[11.8366604,52.3789696],[11.8368004,52.3790138],[11.8368433,52.379044],[11.8368416,52.379229],[11.8368268,52.3793326],[11.8367823,52.379393],[11.8365863,52.3793517],[11.8364446,52.3793105],[11.8363886,52.3792753],[11.8363425,52.3792311],[11.8361843,52.3791295],[11.8360855,52.3790923],[11.8358845,52.3790782],[11.835265,52.3791114],[11.8350888,52.3791275],[11.8348795,52.3791164],[11.8346538,52.3791084],[11.8345303,52.3791114],[11.8344479,52.3790852],[11.8344347,52.379041],[11.8344001,52.3789495],[11.8343244,52.3788439],[11.8342782,52.3787805],[11.8341975,52.3787393],[11.8340427,52.378691],[11.8339527,52.3786576],[11.8338828,52.3785988],[11.8338167,52.3785296],[11.8337317,52.3784039],[11.8336808,52.3782909],[11.8335509,52.3780195],[11.8333388,52.3779935],[11.8330498,52.3779658],[11.833029,52.3778689],[11.832962,52.3778509],[11.8328198,52.3778073],[11.8328382,52.3777271],[11.8328685,52.3776487],[11.8329723,52.3775749],[11.833029,52.3775657],[11.8330252,52.3776152],[11.832978,52.3776729],[11.832961,52.3777317],[11.832978,52.3777824],[11.8330403,52.3778043],[11.8330838,52.3778562],[11.8331348,52.3779001],[11.833301,52.3779104],[11.8334597,52.3779139],[11.8337033,52.377915],[11.8338431,52.3779289],[11.8339904,52.3779116],[11.8340452,52.3778793],[11.8341756,52.3778343],[11.834253,52.3778632],[11.8343418,52.3779358],[11.8344343,52.3779024],[11.834457,52.3778655],[11.834474,52.3776925],[11.8343682,52.3776291],[11.8341416,52.3775541],[11.8340641,52.3775322],[11.8341076,52.3774204],[11.834129,52.3773211],[11.8344013,52.3773423],[11.8344663,52.3770314],[11.834194,52.3770102],[11.8341718,52.3769257],[11.8340924,52.3768588],[11.8340433,52.3767597],[11.8342776,52.3767262],[11.8345911,52.3767147],[11.8348669,52.3766478],[11.8350293,52.3766363],[11.8352112,52.3766497],[11.8353807,52.3766075],[11.8355695,52.3766167],[11.8358604,52.376642],[11.8359813,52.376619],[11.8360531,52.3765498],[11.8361211,52.3764714],[11.8362495,52.3763838],[11.8361626,52.3763861],[11.8357924,52.3764622],[11.8354184,52.3765083],[11.8352148,52.3765221],[11.8349972,52.3765302],[11.8348291,52.3765498],[11.8347025,52.376521],[11.8346969,52.3764379],[11.8345741,52.3764149],[11.834457,52.3763711],[11.834406,52.376363],[11.834287,52.3764149],[11.8342568,52.3763872],[11.8342624,52.376348],[11.8342436,52.3762742],[11.8341642,52.3762327],[11.8340943,52.376164],[11.8335844,52.3761665],[11.8335522,52.3762442],[11.833559,52.3762941],[11.8335447,52.3763249],[11.8335069,52.3763676],[11.8334483,52.3763434],[11.8333218,52.37631],[11.8332916,52.376423],[11.8331159,52.3764483],[11.8329875,52.3763941],[11.8329742,52.3763376],[11.832978,52.3762742],[11.8328345,52.3763238],[11.8326305,52.3763388],[11.8325587,52.3763745],[11.8324756,52.3763722],[11.8324208,52.376333],[11.8323868,52.3762777],[11.8323037,52.3762442],[11.8322028,52.3762155],[11.8321545,52.3762315],[11.832094,52.376303],[11.8319467,52.3763076],[11.8318371,52.3762707],[11.8319176,52.3761989],[11.8320336,52.3761255],[11.8321129,52.3760632],[11.8321242,52.3759825],[11.8322712,52.3759004],[11.832527,52.3758642],[11.8327891,52.3758547],[11.8329825,52.3757861],[11.8329388,52.3757099],[11.8327236,52.3756395],[11.8326674,52.37555],[11.8327516,52.3754205],[11.8327922,52.3754128],[11.8329762,52.3755728],[11.8330262,52.3756071],[11.8330948,52.3757252],[11.8331915,52.3756795],[11.8331354,52.3755062],[11.8330792,52.3754071],[11.8331465,52.3754068],[11.8332473,52.3754376],[11.8367865,52.3750295],[11.8366922,52.3747414],[11.8360708,52.3747894],[11.8358585,52.3746309],[11.8353709,52.3746021],[11.8349855,52.3746309],[11.8349147,52.3743813],[11.8353787,52.3741556],[11.8355282,52.3740355],[11.8353384,52.3739452],[11.8351349,52.3738483],[11.8333339,52.3740307],[11.8329563,52.3738963],[11.8327833,52.3740273],[11.8326653,52.3746982],[11.8329013,52.3750054],[11.8328617,52.3751989],[11.8326892,52.3752262],[11.8326269,52.3753595],[11.8325645,52.3754833],[11.8324677,52.3755804],[11.8323898,52.3756338],[11.8322414,52.3756042],[11.8321658,52.3756089],[11.8320562,52.3756596],[11.8318862,52.3756688],[11.8317314,52.3756757],[11.8316067,52.3757311],[11.8313891,52.3758463],[11.8310755,52.3758053],[11.8303349,52.3757013],[11.8302052,52.3756665],[11.8301523,52.3755939],[11.8301088,52.3755178],[11.8299955,52.3754221],[11.8299124,52.3754463],[11.8298085,52.3754739],[11.8297632,52.3754048],[11.8296876,52.3753748],[11.8296196,52.375354],[11.8295478,52.3753702],[11.8294949,52.375444],[11.8294307,52.3755039],[11.8294194,52.3755835],[11.8294779,52.3756469],[11.8295365,52.375678],[11.8296215,52.3756942],[11.8296706,52.3757288],[11.8297632,52.375783],[11.8297178,52.3758533],[11.8296404,52.3758891],[11.8295635,52.3758866],[11.8295894,52.3758199],[11.829527,52.375783],[11.8294118,52.3757957],[11.8293571,52.3758372],[11.8292853,52.375964],[11.8291191,52.3760263],[11.8290851,52.3760586],[11.8290529,52.3762488],[11.8290964,52.3763538],[11.8292059,52.3763849],[11.8293325,52.3763838],[11.8294553,52.3763157],[11.8295044,52.3762892],[11.8295846,52.376273],[11.8296447,52.3762932],[11.8295686,52.3763595],[11.8295195,52.3764068],[11.8294685,52.3764956],[11.8293873,52.3766697],[11.8292475,52.3768842],[11.8291521,52.3769905],[11.8291361,52.376987],[11.8274776,52.3766033],[11.8276231,52.3763572],[11.8278781,52.3759294],[11.828033,52.3757403],[11.8280858,52.3757149],[11.8281897,52.375723],[11.8283314,52.3758026],[11.8283994,52.3758406],[11.8285335,52.3758406],[11.8285694,52.3757968],[11.8286223,52.3757219],[11.8285826,52.3757126],[11.8284485,52.3756896],[11.8283937,52.3756377],[11.8284825,52.3756089],[11.8286128,52.3756008],[11.8287186,52.3755812],[11.8287318,52.375512],[11.8284712,52.3754313],[11.8283597,52.3754324],[11.8282577,52.375482],[11.8281501,52.375497],[11.8280821,52.3754324],[11.8280783,52.3753759],[11.8280745,52.3753033],[11.8279234,52.3752502],[11.827812,52.3752445],[11.82771,52.375241],[11.8275645,52.3751834],[11.8274455,52.3751096],[11.8273775,52.3751038],[11.8273265,52.3751707],[11.8272774,52.3752479],[11.8273057,52.375331],[11.8275456,52.3753955],[11.8276986,52.3754486],[11.8278686,52.375587],[11.8278894,52.3756804],[11.8278497,52.375813],[11.827676,52.3761404],[11.8274002,52.3765498],[11.8273651,52.3765773],[11.8266241,52.3764058],[11.8268145,52.3761934],[11.8268985,52.3760521],[11.8268862,52.3759884],[11.8268903,52.3757559],[11.8268759,52.3756522],[11.8268826,52.3756181],[11.8268923,52.3755685],[11.8269455,52.3754847],[11.8269128,52.3754197],[11.8268043,52.375386],[11.8259342,52.3751785],[11.8260611,52.3749935],[11.8262638,52.3747336],[11.8263088,52.3746611],[11.8262822,52.3745748],[11.8261696,52.3745386],[11.8261164,52.3745611],[11.8260755,52.3746236],[11.8259833,52.3747198],[11.8259465,52.3747973],[11.8259997,52.3748711],[11.8259833,52.3749623],[11.8259158,52.3750485],[11.8258523,52.3750723],[11.8257909,52.3750235],[11.8257929,52.3749635],[11.8257581,52.3748948],[11.8257192,52.3748373],[11.8254838,52.3747573],[11.8252811,52.3747136],[11.82506,52.3746561],[11.8251726,52.3744286],[11.8251051,52.3743949],[11.8248962,52.3743436],[11.824757,52.3743386],[11.8247059,52.3743911],[11.8245851,52.3744749],[11.8244479,52.3744499],[11.8242616,52.3743961],[11.8241899,52.3743236],[11.8240876,52.3742211],[11.8239934,52.3741611],[11.823197,52.3740074],[11.8229943,52.3739737],[11.8228469,52.3739224],[11.8227773,52.3738374],[11.8227507,52.3737637],[11.8227466,52.3736862],[11.8227098,52.3736137],[11.8226197,52.3736312],[11.822374,52.3736887],[11.822243,52.3737962],[11.8213279,52.3736187],[11.8209307,52.3735437],[11.8207342,52.3734275],[11.8206502,52.3733175],[11.82064,52.3732575],[11.8206257,52.3732012],[11.8206011,52.37317],[11.8204967,52.3732112],[11.8203657,52.3732362],[11.8203247,52.3731662],[11.820249,52.3731063],[11.8200954,52.37305],[11.8198989,52.3730788],[11.8199214,52.3729788],[11.8199398,52.37291],[11.8199746,52.3728213],[11.8199992,52.3727225],[11.82012,52.3726013],[11.8201773,52.3725313],[11.8201425,52.3724926],[11.8200443,52.3724751],[11.8200115,52.3723676],[11.8199173,52.3723563],[11.8198252,52.3723813],[11.8198088,52.3724426],[11.8198375,52.3725313],[11.8198989,52.3727013],[11.819772,52.3728225],[11.8196717,52.372825],[11.8195591,52.372775],[11.8194567,52.3726875],[11.8193441,52.3725526],[11.8193031,52.3724763],[11.819342,52.3723851],[11.8192929,52.3723626],[11.8192376,52.3723763],[11.8190861,52.3723963],[11.818951,52.3724288],[11.8188691,52.3724976],[11.8187627,52.372585],[11.8186357,52.3726113],[11.8185395,52.3726138],[11.8184474,52.3725875],[11.8182816,52.3725526],[11.8180891,52.3725838],[11.8180318,52.3726688],[11.8180031,52.372735],[11.8180339,52.3728238],[11.8180379,52.3729263],[11.8179172,52.3729913],[11.8178557,52.3729725],[11.8177657,52.3729313],[11.8176817,52.3729538],[11.8175343,52.3729488],[11.8174217,52.372905],[11.8174381,52.3728588],[11.8174811,52.37284],[11.8175507,52.3728013],[11.8176166,52.3727615],[11.8177227,52.3726975],[11.8177595,52.3726388],[11.8178025,52.3725613],[11.8177595,52.3724976],[11.8176653,52.3724438],[11.8174586,52.3723363],[11.8172129,52.3722238],[11.8168976,52.3720201],[11.8168055,52.3719713],[11.8167605,52.3719151],[11.8167543,52.3718863],[11.8168075,52.3717914],[11.8167625,52.3717664],[11.8167237,52.3717613],[11.8166765,52.3717551],[11.8166227,52.3717936],[11.8166172,52.3717976],[11.8165353,52.3718764],[11.8164902,52.3719538],[11.8164578,52.371982],[11.8164196,52.3719613],[11.8163807,52.3719382],[11.8163316,52.3719182],[11.8162783,52.3719038],[11.8161976,52.3719],[11.8161954,52.3718639],[11.8162875,52.3717864],[11.8164165,52.3717251],[11.8164841,52.3716739],[11.8163797,52.3716276],[11.8162323,52.3716051],[11.816089,52.3716539],[11.8159825,52.3717101],[11.815788,52.3718364],[11.8157286,52.3718951],[11.8156222,52.3719501],[11.815483,52.3720076],[11.8154441,52.3720763],[11.8155116,52.3721463],[11.815616,52.3722063],[11.8158842,52.3722776],[11.8161197,52.3723801],[11.8161609,52.3723994],[11.8161955,52.3724156],[11.8163838,52.3725038],[11.8164636,52.3725344],[11.8164042,52.3725719],[11.8163582,52.3726],[11.8163285,52.3725907],[11.8162896,52.3725563],[11.8161279,52.3725051],[11.8159866,52.3724988],[11.8159252,52.3724988],[11.8158023,52.3725051],[11.8157041,52.3725363],[11.8156222,52.3725788],[11.815442,52.37267],[11.815266,52.37263],[11.8151697,52.3725713],[11.8151779,52.3725251],[11.8153028,52.3724013],[11.8153683,52.3723401],[11.8150592,52.3721388],[11.8149008,52.3720708],[11.8148729,52.3720588],[11.8147623,52.3720351],[11.8146518,52.3720551],[11.8145305,52.3720306],[11.8146661,52.3719313],[11.8151718,52.3715876],[11.8156038,52.3712651],[11.8156631,52.3712151],[11.8156857,52.3711551],[11.8157082,52.3710664],[11.8157123,52.3709714],[11.8156652,52.3709439],[11.8155546,52.3709264],[11.8153274,52.3708814],[11.8152045,52.3708327],[11.8150981,52.3707789],[11.8149957,52.3707089],[11.8149466,52.3706339],[11.8148913,52.3705514],[11.8146129,52.3704277],[11.8143467,52.3702914],[11.8141441,52.3701914],[11.813966,52.3701452],[11.8138923,52.3701258],[11.8137735,52.3700777],[11.8136978,52.3700414],[11.8133856,52.3698852],[11.8132474,52.3698021],[11.8131849,52.3697433],[11.8131399,52.3696927],[11.8130355,52.3695827],[11.8129475,52.3695121],[11.8128543,52.3694533],[11.812668,52.3693439],[11.8122872,52.3691564],[11.8116966,52.3688102],[11.8112349,52.3685696],[11.8108204,52.3683402],[11.8103208,52.3680558],[11.8101652,52.3679652],[11.810023,52.3679058],[11.80972,52.3677877],[11.8095603,52.3677252],[11.8093873,52.3676277],[11.8092706,52.3675583],[11.8091611,52.3674802],[11.8089502,52.3673383],[11.8088079,52.3672702],[11.8086595,52.367197],[11.808559,52.3671503],[11.8084544,52.367072],[11.8084182,52.3670392],[11.8085609,52.3669708],[11.8139532,52.3646034],[11.8177952,52.3629314],[11.8232155,52.3605808],[11.8244602,52.360108],[11.8260462,52.3594009],[11.8288743,52.3601311],[11.8301403,52.3599215],[11.831578,52.3594628],[11.8328592,52.3597494],[11.8336761,52.3585355],[11.831814,52.3578379],[11.8324577,52.357235],[11.8329083,52.3573661],[11.8341529,52.3560818],[11.8316089,52.3555547],[11.8320792,52.3549329],[11.8326888,52.3542051],[11.8337237,52.3547858],[11.8339812,52.3548153],[11.8344157,52.3545925],[11.835376,52.3547891],[11.8366629,52.3541141],[11.8372441,52.3551377],[11.8381791,52.3568713],[11.8383235,52.3572089],[11.8384008,52.3575041],[11.8384881,52.3580399],[11.838537,52.3582599],[11.8385983,52.3584203],[11.8385541,52.3584515],[11.8378758,52.3589303],[11.8360787,52.3599393],[11.8366098,52.3602702],[11.8369209,52.3601261],[11.837098,52.3602178],[11.8389165,52.3593529],[11.8391392,52.3597601],[11.8392848,52.3600949],[11.8395246,52.3606598],[11.8396993,52.3611044],[11.8399014,52.3615208],[11.8400077,52.361753],[11.8401224,52.3620051],[11.8401233,52.3621519],[11.8385413,52.3625909],[11.8385785,52.3630416],[11.8387985,52.3631792],[11.8381386,52.3635281],[11.8385142,52.3637885],[11.8383355,52.3639332],[11.838593,52.3640642],[11.8382897,52.3642658],[11.8390177,52.3648521],[11.8395807,52.3648612],[11.8411447,52.3640332],[11.8411725,52.3641077],[11.8413661,52.3641673],[11.8418644,52.3650214],[11.841765,52.3651905],[11.8421834,52.3658915],[11.8372465,52.3669385],[11.8371234,52.3675429],[11.8366507,52.3696782],[11.8366044,52.3698875],[11.8363416,52.3718375],[11.8409976,52.3707784],[11.8424543,52.3704377],[11.8441764,52.3700291],[11.8443051,52.3700299],[11.8443445,52.3701645],[11.8416684,52.3707442],[11.8418884,52.371404],[11.8435273,52.3709617],[11.8442007,52.3708835],[11.8440995,52.3716962],[11.8440919,52.3719672],[11.8440622,52.3719916],[11.8439631,52.3720636],[11.8438231,52.3721558],[11.8437806,52.3722134],[11.8437869,52.3723124],[11.8437696,52.3723892],[11.8436862,52.3725285],[11.8435651,52.3726543],[11.8434597,52.3727657],[11.8433071,52.3730404],[11.8430837,52.3734755],[11.8428728,52.3739212],[11.8426998,52.3742535],[11.8424874,52.3745733],[11.8424376,52.37464],[11.8422068,52.3751793],[11.8420847,52.3755962],[11.8418508,52.3758304],[11.8419242,52.3759189],[11.8419777,52.375988],[11.8419588,52.3760341],[11.8418581,52.3760533],[11.8417796,52.3760472],[11.841571,52.3766816],[11.8415183,52.3767102],[11.841416,52.3768005],[11.8413783,52.3768524],[11.8413783,52.3768946],[11.8413515,52.3769974],[11.8412619,52.377055],[11.8412745,52.3771146],[11.8413295,52.3771107],[11.8413751,52.3770713],[11.8414554,52.3770329],[11.8414831,52.3770646],[11.8414805,52.3771136],[11.8413783,52.3772192],[11.8412996,52.3772778],[11.8411738,52.377298],[11.8410778,52.3772961],[11.8409897,52.3772826],[11.8408701,52.3772269],[11.8407915,52.3771712],[11.8406385,52.3769911],[11.8393027,52.3770042],[11.8389594,52.3775282],[11.8382787,52.3789496],[11.8392705,52.3788544],[11.8398918,52.3788639],[11.8399472,52.3788819],[11.8398601,52.3789825],[11.8397783,52.3790872],[11.8397406,52.3791563],[11.8397091,52.379454],[11.8396965,52.3796787],[11.8397075,52.379745],[11.8397626,52.3798151],[11.8398979,52.3797392],[11.8399896,52.3796311],[11.8420447,52.3793702],[11.8423018,52.3793474],[11.8426274,52.379212],[11.8429751,52.3791025],[11.8432787,52.3790046],[11.8436012,52.3789191],[11.8439253,52.3788307],[11.8443532,52.378727],[11.8446616,52.3786656],[11.8449416,52.3785897],[11.8452893,52.3784841],[11.8455992,52.3783678],[11.8458179,52.3782661],[11.8460083,52.3781623],[11.846249,52.3779856],[11.8464047,52.3778694],[11.8464928,52.3777657],[11.8465384,52.3776889],[11.8465793,52.3776735],[11.8470463,52.3776165],[11.8473923,52.377528],[11.8475801,52.3775002],[11.8479547,52.3775164],[11.8481286,52.3777213],[11.8485865,52.3783293],[11.8495832,52.3796294],[11.8499447,52.3801241],[11.852122,52.3828463],[11.8500477,52.3839297],[11.8510079,52.3848366],[11.8510949,52.3849652],[11.8517273,52.3853258],[11.8521857,52.3856583],[11.8526313,52.3860509],[11.8530543,52.3865031],[11.8531035,52.3870477],[11.8529601,52.3872247],[11.8523865,52.3875333],[11.8514876,52.3879807],[11.8515844,52.3885764],[11.8516894,52.3896483],[11.8515816,52.3896288],[11.8514422,52.3895895],[11.8513081,52.3895372],[11.8512384,52.3894897],[11.8511512,52.3894643],[11.851056,52.3894439],[11.8509608,52.3894152],[11.8508938,52.3893882],[11.8508174,52.3893539],[11.8507539,52.3892956],[11.8504708,52.3887788],[11.8505137,52.3878098],[11.8478101,52.3875086],[11.8468981,52.3873514],[11.8451597,52.3869448],[11.8451351,52.3868015],[11.8451276,52.3867582],[11.845046,52.3862829],[11.8447396,52.3862505],[11.8445551,52.3861352],[11.8438938,52.3861331],[11.8437525,52.3860469],[11.8437525,52.3860143],[11.8437095,52.3859775],[11.843601,52.3859681],[11.8435527,52.3859723],[11.8434563,52.3859628],[11.8433753,52.3859439],[11.8433271,52.3858998],[11.8433461,52.3858461],[11.8434046,52.3858073],[11.8434115,52.385761],[11.84156,52.3857589],[11.8415635,52.3860196],[11.8415308,52.3860816],[11.8413861,52.3861373],[11.8388508,52.386144],[11.8387946,52.3860527],[11.8387889,52.3859234],[11.8387852,52.3858136],[11.8388433,52.3856421],[11.8388358,52.3855769],[11.8387871,52.3855403],[11.8387964,52.3852966],[11.8388302,52.3851102],[11.8387739,52.3850004],[11.8386446,52.3849661],[11.8384048,52.3849478],[11.8382717,52.3849718],[11.8380412,52.3850233],[11.8378051,52.3850747],[11.8375258,52.3850827],[11.8374003,52.385101],[11.8373965,52.3851537],[11.8374621,52.3852223],[11.8374696,52.3853355],[11.8374771,52.3854476],[11.837494,52.3855174],[11.8375727,52.3857061],[11.8376289,52.3858411],[11.8376533,52.3859475],[11.8376739,52.386047],[11.8376402,52.3860927],[11.8375915,52.386148],[11.835693,52.3861543],[11.8356387,52.3860641],[11.8355937,52.3858319],[11.8355394,52.3857118],[11.8354101,52.3856078],[11.8347036,52.385594],[11.8343606,52.3856135],[11.8341976,52.3856535],[11.8341713,52.3858754],[11.8341639,52.3859532],[11.834072,52.3860035],[11.8339952,52.3860184],[11.8337853,52.3860207],[11.8336054,52.3860355],[11.8334836,52.3860115],[11.8333224,52.3860058],[11.8330807,52.3859989],[11.8329888,52.3859566],[11.8328221,52.3858914],[11.8327958,52.385888],[11.8327321,52.3859589],[11.832719,52.3860184],[11.8325784,52.3860881],[11.832511,52.3860149],[11.8324978,52.3859463],[11.8324491,52.38588],[11.8323236,52.3859074],[11.8322074,52.3859589],[11.8320106,52.3860218],[11.8320087,52.3860538],[11.8320575,52.3860698],[11.8321699,52.386095],[11.8322242,52.3861408],[11.8321774,52.3861659],[11.8287633,52.3861773],[11.8286083,52.3861047],[11.8286139,52.3857968],[11.8286299,52.3851891],[11.8286317,52.3846206],[11.8286467,52.3843508],[11.8288363,52.384212],[11.8291212,52.3840013],[11.8299476,52.3836454],[11.8313892,52.3829843],[11.8319024,52.3827747],[11.8320609,52.3827401],[11.8322157,52.3828081],[11.8323478,52.382868],[11.8324591,52.3829117],[11.8326459,52.3828956],[11.8328063,52.3828553],[11.8328758,52.3828598],[11.83282,52.3829024],[11.8329336,52.3829571],[11.8329416,52.3829985],[11.8329117,52.3830593],[11.8329057,52.3831311],[11.8329356,52.3831445],[11.8329763,52.3830677],[11.8330445,52.3830364],[11.83311,52.3830181],[11.8331795,52.3830418],[11.8331671,52.3830952],[11.8331029,52.3831264],[11.833021,52.3831396],[11.8329745,52.3831768],[11.8329678,52.3832305],[11.8330133,52.3832699],[11.833109,52.3832711],[11.8333184,52.3832407],[11.8335177,52.3831348],[11.8334799,52.3830046],[11.8333084,52.3829535],[11.8332047,52.3829328],[11.8330732,52.3829523],[11.8329715,52.3829145],[11.8329196,52.3828659],[11.8330346,52.382868],[11.8331289,52.3828553],[11.8332063,52.3827977],[11.8333214,52.3827321],[11.8334233,52.3827067],[11.8335208,52.3827101],[11.8336022,52.3828073],[11.8337147,52.3831232],[11.8343862,52.3829426],[11.8343585,52.3828401],[11.8342391,52.3827767],[11.8341024,52.3828232],[11.8341214,52.3828739],[11.8339362,52.382876],[11.8337718,52.3828517],[11.8337527,52.3827619],[11.8336873,52.3827473],[11.8335893,52.3826549],[11.8334459,52.382633],[11.8333119,52.3826607],[11.8331912,52.3827125],[11.8330799,52.3827839],[11.8330308,52.3827966],[11.8330006,52.3828184],[11.8329365,52.3828081],[11.8329117,52.3827928],[11.8329894,52.3827868],[11.8330253,52.3827551],[11.8329256,52.3826882],[11.832818,52.382721],[11.8328299,52.3828014],[11.8327138,52.3828161],[11.8325912,52.3828472],[11.8324893,52.3828346],[11.8323798,52.3828058],[11.8322572,52.3827447],[11.8322157,52.3827079],[11.8322043,52.3826664],[11.8322345,52.3826227],[11.8324572,52.382534],[11.8327704,52.3824453],[11.8329516,52.3823635],[11.8331973,52.3823102],[11.83378,52.3821502],[11.8339924,52.3820289],[11.8340462,52.3819614],[11.8341102,52.3819603],[11.8342436,52.3819854],[11.8343326,52.3819985],[11.8344249,52.3819854],[11.83448,52.3820345],[11.8346067,52.3821658],[11.8347277,52.382344],[11.8348161,52.3826242],[11.8348583,52.3828634],[11.8348583,52.3830779],[11.8348641,52.3832901],[11.8348157,52.3834203],[11.8343851,52.3833095],[11.8344194,52.3832213],[11.8344857,52.3830509],[11.8340043,52.3831939],[11.833456,52.383346],[11.8335477,52.3833996],[11.8337431,52.3833083],[11.8338986,52.3833241],[11.8340242,52.3833631],[11.8339883,52.3834093],[11.8338328,52.3834373],[11.8337471,52.3835724],[11.8340422,52.3836381],[11.8341777,52.3834896],[11.8342244,52.3834873],[11.8346422,52.3836022],[11.8345785,52.3836977],[11.8347938,52.3837525],[11.8349991,52.3836934],[11.8349201,52.3838129],[11.8346843,52.3838215],[11.8345479,52.383786],[11.8344234,52.3838599],[11.8345492,52.3839203],[11.8345952,52.383955],[11.8345855,52.3839971],[11.8346621,52.3840339],[11.8348592,52.3839713],[11.8351133,52.3839325],[11.8352905,52.3839985],[11.8353339,52.3839188],[11.8351376,52.3838227],[11.83506,52.3837084],[11.8351481,52.383689],[11.8351944,52.3835273],[11.8351927,52.383424],[11.8350699,52.3835873],[11.8349174,52.3835931],[11.8349253,52.383385],[11.8349851,52.3832514],[11.834962,52.3830837],[11.8349236,52.3828727],[11.834914,52.3826476],[11.8348833,52.3825468],[11.834843,52.3824425],[11.8347834,52.3823018],[11.8346874,52.3821178],[11.8346029,52.3820287],[11.8345376,52.3819618],[11.8344282,52.381907]]]}},{"type":"Feature","id":"way/1077116552","properties":{"building":"yes","id":"way/1077116552"},"geometry":{"type":"Polygon","coordinates":[[[11.821247,52.3762298],[11.8212714,52.3761887],[11.8212219,52.3761768],[11.821346,52.3759836],[11.8213947,52.375994],[11.8214158,52.3759653],[11.8214807,52.3759812],[11.8214636,52.3760099],[11.8215099,52.3760218],[11.8213833,52.3762169],[11.8213363,52.3762065],[11.8213087,52.3762451],[11.821247,52.3762298]]]}},{"type":"Feature","id":"way/1077116553","properties":{"building":"yes","id":"way/1077116553"},"geometry":{"type":"Polygon","coordinates":[[[11.8209982,52.3760954],[11.8210329,52.3761038],[11.8211318,52.3761276],[11.821114,52.3761567],[11.8209805,52.3761234],[11.8209982,52.3760954]]]}},{"type":"Feature","id":"way/1077116557","properties":{"building":"yes","id":"way/1077116557"},"geometry":{"type":"Polygon","coordinates":[[[11.8167005,52.3765458],[11.8167544,52.3765603],[11.8167207,52.3766087],[11.8166676,52.3765944],[11.8167005,52.3765458]]]}},{"type":"Feature","id":"way/1077116558","properties":{"building":"yes","id":"way/1077116558"},"geometry":{"type":"Polygon","coordinates":[[[11.817713,52.3774562],[11.8178302,52.3774852],[11.8177926,52.3775443],[11.8176749,52.3775155],[11.817713,52.3774562]]]}},{"type":"Feature","id":"way/1077116567","properties":{"landuse":"meadow","id":"way/1077116567"},"geometry":{"type":"Polygon","coordinates":[[[11.8060449,52.3744502],[11.8029217,52.3736854],[11.8029502,52.3736448],[11.8030449,52.3735519],[11.8032322,52.3733683],[11.8052504,52.3709848],[11.8057091,52.3709626],[11.8060747,52.3708901],[11.8069949,52.3710966],[11.8074825,52.3710341],[11.8078915,52.3710966],[11.808678,52.3710053],[11.8090162,52.3710822],[11.8092285,52.3710774],[11.8115801,52.3715095],[11.8138845,52.3723498],[11.8139516,52.3723746],[11.8138587,52.3724364],[11.8138116,52.3724817],[11.8137928,52.3725858],[11.813821,52.3726835],[11.813901,52.3728329],[11.8139834,52.3729191],[11.8142351,52.373103],[11.8144516,52.3732524],[11.8148563,52.3735009],[11.8150822,52.3736345],[11.8152399,52.3737192],[11.8155057,52.3738543],[11.8158399,52.3740008],[11.8159999,52.3740697],[11.8161881,52.3741358],[11.8163034,52.3741961],[11.8164681,52.3743269],[11.816621,52.3744518],[11.816741,52.3745668],[11.8168281,52.3746659],[11.8168587,52.3747276],[11.8168516,52.3748066],[11.8167975,52.3749259],[11.8164658,52.3754214],[11.8158516,52.3763709],[11.8156093,52.3767473],[11.8156493,52.3765792],[11.815894,52.3761842],[11.8162022,52.3757159],[11.8167246,52.3749632],[11.816774,52.3747679],[11.8167034,52.3746501],[11.8164916,52.3744375],[11.816334,52.3743829],[11.8162493,52.3743096],[11.8161199,52.3741746],[11.8156916,52.373985],[11.8151199,52.3737149],[11.8145457,52.373363],[11.8140093,52.372978],[11.8138987,52.3728875],[11.813781,52.3727395],[11.8137622,52.3726684],[11.8136704,52.3726792],[11.8136093,52.3727079],[11.8135699,52.3727196],[11.8122093,52.3727868],[11.812057,52.3730035],[11.8118206,52.3732232],[11.8115173,52.3733808],[11.811146,52.3735437],[11.8110027,52.3736536],[11.8108504,52.3735945],[11.8106831,52.3735943],[11.8106114,52.3738171],[11.8103751,52.3739],[11.8104581,52.3735356],[11.8108962,52.373521],[11.8118008,52.3730895],[11.8117537,52.3724907],[11.8120582,52.3718034],[11.8103786,52.3713911],[11.8099369,52.3713382],[11.8051267,52.3713656],[11.8049753,52.3714727],[11.8048766,52.3720133],[11.8048667,52.3739751],[11.8049675,52.3739752],[11.8049684,52.3741469],[11.8060363,52.3741412],[11.8060449,52.3744502]]]}},{"type":"Feature","id":"way/1124584347","properties":{"natural":"grassland","id":"way/1124584347"},"geometry":{"type":"Polygon","coordinates":[[[11.8216207,52.3795135],[11.82162,52.379657],[11.8223857,52.3796585],[11.8225394,52.3798042],[11.8224293,52.3797999],[11.8223231,52.3798108],[11.8222584,52.3798318],[11.8222695,52.3797774],[11.8222601,52.3797267],[11.8222412,52.3796863],[11.8222012,52.3796902],[11.8221277,52.3797299],[11.8220888,52.3797736],[11.8220446,52.3798005],[11.8219248,52.3798197],[11.821887,52.3798223],[11.8217462,52.3798223],[11.8216894,52.3798082],[11.8216138,52.3797787],[11.8215875,52.3797338],[11.8215486,52.3796517],[11.8215307,52.3795606],[11.8215476,52.3794849],[11.8215843,52.3794226],[11.8216663,52.3794149],[11.821713,52.3794264],[11.8217819,52.3793297],[11.8217363,52.3791888],[11.8221521,52.3791891],[11.8221521,52.3791988],[11.8222078,52.3791983],[11.8222078,52.3791894],[11.8223823,52.3791897],[11.8224338,52.3792045],[11.8224915,52.3792708],[11.822875,52.3792736],[11.8230817,52.3793661],[11.8230564,52.3794376],[11.8228796,52.3794965],[11.822588,52.3794937],[11.8224356,52.3794856],[11.8223865,52.3795151],[11.8223702,52.379515],[11.8223589,52.3794849],[11.8223168,52.3794682],[11.8222401,52.3794502],[11.8220972,52.3794573],[11.8220425,52.3794785],[11.822011,52.3794727],[11.822011,52.3794413],[11.8220506,52.3794157],[11.8221419,52.3794131],[11.822218,52.3793886],[11.8222394,52.3793531],[11.8222149,52.3793245],[11.8221059,52.3793238],[11.8220919,52.379295],[11.8221183,52.3792468],[11.8221003,52.3792392],[11.8220163,52.3792321],[11.8219619,52.3792513],[11.8219049,52.3793046],[11.8218965,52.3793611],[11.8219322,52.3793989],[11.8219543,52.3794515],[11.8219488,52.3795142],[11.8218512,52.379514],[11.8218513,52.3795025],[11.8218006,52.3795024],[11.8218006,52.3795139],[11.8216207,52.3795135]]]}},{"type":"Feature","id":"way/1124584348","properties":{"natural":"grassland","id":"way/1124584348"},"geometry":{"type":"Polygon","coordinates":[[[11.8237966,52.380744],[11.8238241,52.3803753],[11.8237369,52.380273],[11.8238586,52.3801048],[11.823792,52.3800193],[11.8238931,52.3799739],[11.8239481,52.3799492],[11.8242857,52.3799997],[11.8242306,52.3801819],[11.8240033,52.3803557],[11.8240882,52.3804847],[11.8242582,52.380587],[11.824223,52.380646],[11.8242069,52.3806731],[11.8240519,52.3806454],[11.8240424,52.3806171],[11.8240219,52.3805992],[11.8239867,52.3806075],[11.8239314,52.3806387],[11.8238873,52.3807139],[11.8237966,52.380744]]]}},{"type":"Feature","id":"way/1124584350","properties":{"natural":"grassland","id":"way/1124584350"},"geometry":{"type":"Polygon","coordinates":[[[11.8234999,52.3819104],[11.8235422,52.3819033],[11.8235863,52.3818745],[11.823558,52.3818413],[11.8234939,52.3817833],[11.8234671,52.3817696],[11.8233674,52.3817673],[11.8233289,52.3817115],[11.8233227,52.3816794],[11.8233456,52.3816549],[11.8234297,52.3817064],[11.8235275,52.3817365],[11.8235853,52.3817744],[11.8236318,52.3817944],[11.8236705,52.3817698],[11.8237095,52.3816815],[11.8238221,52.3816689],[11.8238473,52.3816913],[11.8238588,52.3817222],[11.8239197,52.3817081],[11.8240173,52.381725],[11.8240127,52.3817572],[11.8239323,52.3818329],[11.823969,52.3819226],[11.8239139,52.3819689],[11.8238106,52.3819773],[11.8237715,52.3821539],[11.8237072,52.3821511],[11.8236452,52.3819436],[11.823608,52.3818999],[11.8235758,52.3819136],[11.8235422,52.3819367],[11.8235306,52.381979],[11.8235003,52.3821077],[11.8233389,52.3822611],[11.8233336,52.3823595],[11.8234765,52.3824354],[11.8233627,52.3824984],[11.8232463,52.3824968],[11.8232463,52.3824144],[11.82304,52.3823434],[11.8227649,52.3823111],[11.82254,52.3821513],[11.8225877,52.3820705],[11.8226961,52.3820964],[11.8228231,52.3822062],[11.8228284,52.3822611],[11.8229236,52.3822594],[11.8229289,52.3822175],[11.8230188,52.3821997],[11.8231008,52.382119],[11.8232093,52.3820867],[11.8233654,52.3819462],[11.8234999,52.3819104]]]}},{"type":"Feature","id":"way/1124584363","properties":{"natural":"grassland","id":"way/1124584363"},"geometry":{"type":"Polygon","coordinates":[[[11.8335208,52.3827101],[11.8336873,52.3827473],[11.8337527,52.3827619],[11.8337718,52.3828517],[11.8339362,52.382876],[11.8341214,52.3828739],[11.8341024,52.3828232],[11.8342391,52.3827767],[11.8343585,52.3828401],[11.8343862,52.3829426],[11.8337147,52.3831232],[11.8336022,52.3828073],[11.8335208,52.3827101]]]}},{"type":"Feature","id":"way/1124584365","properties":{"natural":"grassland","id":"way/1124584365"},"geometry":{"type":"Polygon","coordinates":[[[11.8337471,52.3835724],[11.8338328,52.3834373],[11.8339883,52.3834093],[11.8340242,52.3833631],[11.834088,52.3833156],[11.8340481,52.3832754],[11.8341179,52.3832572],[11.8342256,52.3832681],[11.8342714,52.3833034],[11.8341678,52.38343],[11.8342575,52.3834519],[11.8342244,52.3834873],[11.8341777,52.3834896],[11.8340422,52.3836381],[11.8337471,52.3835724]]]}},{"type":"Feature","id":"way/1124584366","properties":{"natural":"grassland","id":"way/1124584366"},"geometry":{"type":"Polygon","coordinates":[[[11.8344234,52.3838599],[11.8345479,52.383786],[11.8346843,52.3838215],[11.8349201,52.3838129],[11.8349991,52.3836934],[11.8347938,52.3837525],[11.8348974,52.383632],[11.8351028,52.3836393],[11.83506,52.3837084],[11.8351376,52.3838227],[11.8353339,52.3839188],[11.8352905,52.3839985],[11.8351133,52.3839325],[11.8348592,52.3839713],[11.8346621,52.3840339],[11.8345855,52.3839971],[11.8345952,52.383955],[11.8345492,52.3839203],[11.8344234,52.3838599]]]}},{"type":"Feature","id":"way/1124584367","properties":{"natural":"grassland","id":"way/1124584367"},"geometry":{"type":"Polygon","coordinates":[[[11.8340043,52.3831939],[11.8344857,52.3830509],[11.8344194,52.3832213],[11.8343262,52.3832417],[11.8342114,52.3832123],[11.8340043,52.3831939]]]}},{"type":"Feature","id":"way/1124584369","properties":{"natural":"grassland","id":"way/1124584369"},"geometry":{"type":"Polygon","coordinates":[[[11.8224507,52.3814002],[11.8224897,52.3813428],[11.8227125,52.3813708],[11.822898,52.3813727],[11.8235201,52.3813853],[11.8235266,52.3812661],[11.8229044,52.3812535],[11.8229077,52.381232],[11.8234818,52.3812474],[11.8235369,52.3812292],[11.8236265,52.381239],[11.8236747,52.3813035],[11.8235874,52.3813063],[11.8235139,52.381403],[11.8235002,52.3814731],[11.8234707,52.3815097],[11.823429,52.3814633],[11.8233302,52.3814675],[11.823243,52.3814984],[11.8225219,52.3814199],[11.8224507,52.3814002]]]}},{"type":"Feature","id":"way/1124584370","properties":{"natural":"grassland","id":"way/1124584370"},"geometry":{"type":"Polygon","coordinates":[[[11.8222557,52.381457],[11.8218962,52.3814665],[11.821659,52.3815148],[11.8214877,52.3816596],[11.8213493,52.3817079],[11.8213163,52.3818849],[11.8212933,52.3822127],[11.8213757,52.382444],[11.821506,52.382593],[11.8219724,52.382659],[11.8238874,52.3826819],[11.8246757,52.3826845],[11.8219059,52.3827109],[11.8216873,52.3827032],[11.8215444,52.3826711],[11.8214351,52.3826301],[11.8213132,52.3825493],[11.821248,52.3824518],[11.8212375,52.3814446],[11.8212922,52.3814498],[11.8217146,52.3814498],[11.8220741,52.381428],[11.8222833,52.3814173],[11.8234244,52.381567],[11.8233686,52.3816303],[11.8233456,52.3816549],[11.8233227,52.3816794],[11.8232269,52.3816736],[11.8232315,52.3815951],[11.823135,52.3815727],[11.8227951,52.3816203],[11.8225333,52.3814956],[11.8222557,52.381457]]]}},{"type":"Feature","id":"way/1124584372","properties":{"natural":"grassland","id":"way/1124584372"},"geometry":{"type":"Polygon","coordinates":[[[11.822227,52.3800396],[11.822227,52.3799581],[11.8222668,52.3799204],[11.8223127,52.3799082],[11.8224203,52.3799057],[11.8224144,52.3799289],[11.8227892,52.3799301],[11.822841,52.3799544],[11.822841,52.3800287],[11.8227513,52.3800834],[11.8222489,52.3800822],[11.822227,52.3800396]]]}},{"type":"Feature","id":"way/1124584373","properties":{"natural":"grassland","id":"way/1124584373"},"geometry":{"type":"Polygon","coordinates":[[[11.8219669,52.380402],[11.8225759,52.3804035],[11.8225788,52.3801388],[11.8228737,52.380138],[11.8229114,52.3801291],[11.8228766,52.3802541],[11.822895,52.3802878],[11.8230374,52.3803046],[11.8231086,52.3802878],[11.8231109,52.3803466],[11.8231775,52.3803915],[11.8233727,52.3804041],[11.823437,52.380463],[11.8234278,52.3806102],[11.823515,52.3807041],[11.8234094,52.380805],[11.8233038,52.3808219],[11.8232555,52.3807868],[11.823313,52.3807363],[11.82329,52.3806803],[11.8232096,52.3806691],[11.8231706,52.3805821],[11.8231522,52.3804153],[11.8230282,52.3803396],[11.822856,52.3803326],[11.8227871,52.3804167],[11.8229088,52.3805008],[11.8229363,52.3805653],[11.8228688,52.3806196],[11.8228686,52.3805796],[11.8219371,52.3805811],[11.8219371,52.3805966],[11.8218822,52.3805401],[11.8219063,52.3804019],[11.8219026,52.3801584],[11.8213687,52.3801655],[11.821289,52.3802066],[11.8213333,52.3810839],[11.8213377,52.3813556],[11.8213658,52.3813931],[11.821519,52.3814032],[11.8220808,52.3813982],[11.8214277,52.3814286],[11.8213563,52.3814305],[11.8213069,52.381419],[11.8212691,52.3814036],[11.8212365,52.3813799],[11.8212281,52.381095],[11.8212281,52.3806428],[11.8212186,52.3801905],[11.8213237,52.3801379],[11.8219627,52.3801366],[11.8219669,52.380402]]]}},{"type":"Feature","id":"way/1124584374","properties":{"natural":"grassland","id":"way/1124584374"},"geometry":{"type":"Polygon","coordinates":[[[11.8257372,52.3793132],[11.8256719,52.379395],[11.8256463,52.3794568],[11.8256443,52.3794043],[11.8256699,52.3793437],[11.8256955,52.3793044],[11.8257272,52.3792787],[11.8257648,52.3792786],[11.826609,52.3793331],[11.8266751,52.3793557],[11.8266434,52.3795059],[11.8274105,52.3794833],[11.8274581,52.3793348],[11.8273312,52.3793283],[11.8272571,52.3792782],[11.8272545,52.3792459],[11.8272994,52.3792314],[11.8272994,52.3792104],[11.8272412,52.3792072],[11.827228,52.379162],[11.8272915,52.3791087],[11.8274105,52.3790877],[11.8274185,52.3790554],[11.8268762,52.3790861],[11.8266857,52.3791701],[11.826691,52.3792895],[11.8258842,52.3792411],[11.8258003,52.3792073],[11.8258316,52.3791441],[11.8262612,52.3792305],[11.8266135,52.3791781],[11.8268236,52.3790815],[11.8270336,52.3790237],[11.8274944,52.3789796],[11.8278196,52.3791367],[11.8280878,52.379285],[11.8284198,52.3793419],[11.8285914,52.3794183],[11.8287388,52.3794818],[11.8286937,52.3795962],[11.8289152,52.379603],[11.8289386,52.3797291],[11.8287996,52.3798341],[11.8286269,52.3798705],[11.8285881,52.3797595],[11.8283536,52.3797002],[11.8285427,52.3795878],[11.8285794,52.3794839],[11.8284244,52.3794817],[11.8282228,52.3794246],[11.8280774,52.3794705],[11.8277654,52.3796496],[11.8272324,52.3800163],[11.827133,52.380248],[11.8270057,52.3801892],[11.8268695,52.380169],[11.8268394,52.3801129],[11.8270381,52.3800412],[11.8270607,52.3799391],[11.8268885,52.379954],[11.8267921,52.379889],[11.826781,52.3797855],[11.8263599,52.3795253],[11.8257372,52.3793132]]]}},{"type":"Feature","id":"way/1124584376","properties":{"natural":"grassland","id":"way/1124584376"},"geometry":{"type":"Polygon","coordinates":[[[11.8282449,52.3803594],[11.8283013,52.3803088],[11.8283257,52.3803178],[11.8283413,52.380302],[11.8283946,52.3803232],[11.828319,52.3803888],[11.8282449,52.3803594]]]}},{"type":"Feature","id":"way/1124584381","properties":{"natural":"grassland","id":"way/1124584381"},"geometry":{"type":"Polygon","coordinates":[[[11.8215513,52.3782333],[11.8215804,52.3777553],[11.8213661,52.3777295],[11.8213582,52.3777553],[11.8213264,52.377807],[11.8212497,52.3778409],[11.8211598,52.3778457],[11.8211598,52.377807],[11.8211227,52.377807],[11.8211175,52.3778619],[11.8210804,52.3778587],[11.8209984,52.3778021],[11.8209614,52.377723],[11.8209191,52.3777311],[11.82089,52.3777715],[11.8208979,52.3780783],[11.8206706,52.3780175],[11.8206778,52.3779497],[11.8204858,52.3778976],[11.8204654,52.3778443],[11.8204332,52.3778293],[11.8204087,52.3778381],[11.8203667,52.3778412],[11.8203401,52.3778499],[11.820294,52.3778737],[11.8202418,52.3778737],[11.8202019,52.3778749],[11.8201712,52.3778983],[11.8200097,52.3778598],[11.8199982,52.3778399],[11.8200115,52.3778143],[11.8200326,52.377793],[11.8202356,52.3778423],[11.8203854,52.3776124],[11.8204271,52.377624],[11.8203084,52.3778068],[11.8203575,52.3778224],[11.8204783,52.3776362],[11.8205306,52.3776485],[11.8204294,52.3778038],[11.8206753,52.3778635],[11.8213166,52.376879],[11.8213877,52.3768634],[11.821505,52.3769029],[11.8215594,52.3769213],[11.8217077,52.3769713],[11.8216528,52.377094],[11.8213847,52.3771629],[11.8211866,52.37744],[11.8210343,52.3774642],[11.821016,52.3775851],[11.8211836,52.3775851],[11.8212628,52.3775367],[11.8213573,52.37752],[11.8213512,52.3775739],[11.8215858,52.3775888],[11.8218046,52.3776373],[11.8221207,52.3777074],[11.8218105,52.3782058],[11.8217364,52.3782801],[11.8215513,52.3782333]]]}},{"type":"Feature","id":"way/1124584382","properties":{"natural":"grassland","id":"way/1124584382"},"geometry":{"type":"Polygon","coordinates":[[[11.8199221,52.3784073],[11.8200531,52.3783496],[11.8201232,52.3782529],[11.8202725,52.3782547],[11.8204066,52.3783459],[11.8206936,52.378314],[11.8206991,52.3783626],[11.8207692,52.3784835],[11.8210373,52.3785003],[11.8210312,52.3784407],[11.8207661,52.3782826],[11.820757,52.3782045],[11.8205955,52.3780892],[11.8206173,52.3780684],[11.8207603,52.3781138],[11.8208794,52.3781703],[11.8209693,52.3782317],[11.8210725,52.3783544],[11.8211042,52.3784836],[11.8211142,52.3787159],[11.8210665,52.3786999],[11.8205925,52.3785412],[11.8202756,52.3784482],[11.8200074,52.3785561],[11.8199221,52.3784073]]]}},{"type":"Feature","id":"way/1124584383","properties":{"natural":"grassland","id":"way/1124584383"},"geometry":{"type":"Polygon","coordinates":[[[11.8213085,52.3784631],[11.8213952,52.3783915],[11.8215936,52.3783528],[11.8217338,52.3783512],[11.8218199,52.378366],[11.8217869,52.3784128],[11.82218,52.3785412],[11.8220855,52.3786267],[11.8217839,52.3786193],[11.8217412,52.3785319],[11.8216559,52.378517],[11.8216193,52.3786156],[11.8214731,52.3785914],[11.82147,52.3785003],[11.8213085,52.3784631]]]}},{"type":"Feature","id":"way/1124584391","properties":{"natural":"grassland","id":"way/1124584391"},"geometry":{"type":"Polygon","coordinates":[[[11.8191215,52.380776],[11.8190718,52.3807324],[11.818906,52.3806661],[11.8186849,52.3805487],[11.8184392,52.3804575],[11.8182341,52.3803825],[11.8182493,52.3803712],[11.8184022,52.3803468],[11.8184863,52.3803862],[11.8187422,52.3805024],[11.8193226,52.3807276],[11.8195237,52.3808764],[11.8198314,52.3808783],[11.8200539,52.3809918],[11.8199625,52.3811052],[11.8197736,52.3811833],[11.8196212,52.381268],[11.8194688,52.3812484],[11.8193104,52.3813414],[11.8192738,52.3812912],[11.8192982,52.3810755],[11.8191733,52.3810215],[11.8192129,52.3809285],[11.8191215,52.380776]]]}},{"type":"Feature","id":"way/1219845541","properties":{"landuse":"meadow","id":"way/1219845541"},"geometry":{"type":"Polygon","coordinates":[[[11.8400788,52.3789066],[11.8402361,52.3787578],[11.8403872,52.3785647],[11.8404879,52.3784091],[11.8405796,52.3782515],[11.840598,52.37822],[11.840749,52.3779751],[11.8408071,52.3778743],[11.8428937,52.3781669],[11.8433432,52.3781633],[11.8437428,52.3781018],[11.8445405,52.3779885],[11.8458966,52.3778243],[11.8462144,52.3777897],[11.8463166,52.377832],[11.8462678,52.37788],[11.8461294,52.3780106],[11.8460177,52.3780884],[11.845744,52.378121],[11.845379,52.3781825],[11.845047,52.37834],[11.8447418,52.3784591],[11.8443674,52.3786329],[11.8439835,52.3787491],[11.8438687,52.3787856],[11.8433165,52.3789556],[11.8426337,52.3791467],[11.842349,52.3792591],[11.8421319,52.3793186],[11.8420447,52.3793702],[11.8399896,52.3796311],[11.8398514,52.3796487],[11.8398082,52.3795971],[11.8397925,52.3794771],[11.8398177,52.3793397],[11.8398554,52.3792504],[11.839964,52.3790689],[11.8400788,52.3789066]]]}},{"type":"Feature","id":"way/1219845544","properties":{"landuse":"meadow","id":"way/1219845544"},"geometry":{"type":"Polygon","coordinates":[[[11.8401874,52.3783448],[11.8402519,52.3783727],[11.8403148,52.3783727],[11.8402251,52.3785186],[11.8401213,52.3786627],[11.8399472,52.3788819],[11.8398918,52.3788639],[11.8392705,52.3788544],[11.8382787,52.3789496],[11.8389594,52.3775282],[11.8393027,52.3770042],[11.8406385,52.3769911],[11.8407839,52.3772125],[11.8407569,52.3773499],[11.8405272,52.3776687],[11.8401874,52.3783448]]]}},{"type":"Feature","id":"way/1220147694","properties":{"natural":"grassland","id":"way/1220147694"},"geometry":{"type":"Polygon","coordinates":[[[11.8042567,52.3824974],[11.8043249,52.3824419],[11.8044501,52.3825023],[11.8046511,52.3825888],[11.8047894,52.3827235],[11.8048751,52.3827718],[11.8051552,52.3827597],[11.8052474,52.3827054],[11.8053562,52.3826109],[11.8055275,52.3826431],[11.8055934,52.3825847],[11.805656,52.3824962],[11.8057614,52.3824279],[11.8057713,52.3823635],[11.805969,52.382277],[11.8063248,52.3823012],[11.8065752,52.3822609],[11.8070003,52.3822368],[11.8070728,52.3822428],[11.8070958,52.3823193],[11.8070662,52.38245],[11.8071387,52.3825214],[11.8072062,52.3825576],[11.8072326,52.382628],[11.8071568,52.3826481],[11.8071189,52.3826632],[11.8070645,52.3827084],[11.8070827,52.3825767],[11.8063611,52.3824852],[11.8063018,52.3826058],[11.8063166,52.3826541],[11.8063842,52.3827094],[11.8064122,52.3827627],[11.8063957,52.3827879],[11.8063314,52.3828341],[11.8062408,52.3828582],[11.8062178,52.3829035],[11.8064039,52.3829317],[11.8068932,52.3829839],[11.8069575,52.3828029],[11.8079789,52.3827919],[11.8097943,52.3827869],[11.8125437,52.3827788],[11.8126419,52.382822],[11.8127317,52.3828794],[11.8127457,52.3829216],[11.8127646,52.3832001],[11.8127745,52.3835672],[11.8127877,52.3845335],[11.8128025,52.3856365],[11.8127652,52.3856378],[11.8127513,52.3861442],[11.8126107,52.3862247],[11.8088309,52.3862368],[11.8088402,52.3861831],[11.8088383,52.3861591],[11.8087427,52.3860916],[11.8087353,52.3860401],[11.8087877,52.3860298],[11.8088121,52.3860241],[11.8089358,52.386063],[11.8092075,52.3860653],[11.8095917,52.3861076],[11.8097753,52.3860756],[11.8100265,52.3860698],[11.8101989,52.3860847],[11.8107554,52.3860893],[11.8111509,52.3860893],[11.8114788,52.3860939],[11.8115819,52.3860698],[11.8116325,52.3860012],[11.8116381,52.3858525],[11.8116194,52.3857027],[11.8117506,52.3856341],[11.8119829,52.3856707],[11.8125395,52.3856741],[11.8127249,52.3856393],[11.812723,52.3853342],[11.8127036,52.3836758],[11.8127102,52.3833892],[11.8126839,52.3830071],[11.8126377,52.3829146],[11.8125125,52.3828582],[11.8122457,52.3828422],[11.8119557,52.3828361],[11.8116724,52.38282],[11.8113066,52.3828361],[11.8110694,52.3828582],[11.8108421,52.3828401],[11.8107366,52.3828864],[11.8107103,52.3829347],[11.8107795,52.3830775],[11.8107498,52.3831579],[11.8106345,52.3832745],[11.8105488,52.3834555],[11.8105027,52.3834938],[11.8103083,52.3834958],[11.8103511,52.3834274],[11.8104302,52.3833228],[11.8102786,52.3831659],[11.8101534,52.3831076],[11.8100381,52.382987],[11.8099623,52.3828723],[11.809679,52.3828703],[11.8088157,52.3829025],[11.8078899,52.3828965],[11.8073265,52.3829105],[11.8070299,52.382999],[11.8069179,52.3830433],[11.80674,52.3830996],[11.8065884,52.3831277],[11.8064962,52.3831076],[11.8062458,52.3830292],[11.8060283,52.3829769],[11.8059361,52.382989],[11.8058537,52.3830553],[11.8057713,52.3830674],[11.8055802,52.3830413],[11.8053496,52.3829729],[11.8051453,52.3829025],[11.8049674,52.3828743],[11.8048553,52.3828924],[11.804773,52.3831076],[11.8045522,52.3833007],[11.8044633,52.3834897],[11.8045094,52.3835702],[11.8046807,52.383546],[11.8047334,52.383536],[11.804829,52.3836064],[11.8048949,52.3837089],[11.8050432,52.3837793],[11.8050926,52.3837974],[11.8050629,52.3839402],[11.8046873,52.3841936],[11.8046675,52.3842358],[11.8044929,52.38427],[11.8045753,52.3841353],[11.8046642,52.3840247],[11.8046346,52.3839382],[11.8043677,52.3839302],[11.8042458,52.3839442],[11.8041404,52.3840729],[11.8042919,52.3841473],[11.8043018,52.3842016],[11.8040185,52.3845113],[11.8039624,52.3846119],[11.8038109,52.3847225],[11.8036231,52.3846863],[11.8034946,52.3845817],[11.803376,52.384453],[11.8035242,52.3843344],[11.8036857,52.3842097],[11.8037713,52.3841011],[11.8037318,52.3840026],[11.8037186,52.3838336],[11.8038307,52.3836928],[11.8040283,52.3835098],[11.8040712,52.3833188],[11.8041008,52.3832363],[11.8041305,52.3830996],[11.8042063,52.3829689],[11.8041371,52.3829286],[11.8039559,52.3828904],[11.8039987,52.3827879],[11.8040084,52.3827047],[11.8040322,52.3826266],[11.8041121,52.3826017],[11.8040013,52.3825315],[11.803862,52.3825064],[11.803776,52.3825315],[11.8036849,52.3825473],[11.8035439,52.3825452],[11.8034425,52.3825546],[11.8033359,52.3826155],[11.8030573,52.3827645],[11.8029524,52.3828443],[11.8028149,52.3828758],[11.8026584,52.3829419],[11.8024022,52.3830752],[11.8018778,52.383304],[11.8014686,52.3835254],[11.8010714,52.3836954],[11.8008805,52.3837815],[11.8006501,52.3838791],[11.800332,52.3840365],[11.8002254,52.3841278],[11.8001085,52.3841645],[11.7998661,52.3842286],[11.7996666,52.3843325],[11.7995342,52.3844154],[11.7995031,52.3844355],[11.7994483,52.3843996],[11.7995583,52.384343],[11.7996873,52.3842569],[11.7997793,52.3842039],[11.7999263,52.3841142],[11.8001085,52.3839987],[11.8002461,52.3839358],[11.8003767,52.3839085],[11.8005882,52.3838224],[11.8008118,52.383729],[11.8012433,52.3835191],[11.8017695,52.3832651],[11.8020772,52.383135],[11.802091,52.3830752],[11.8022028,52.383029],[11.8024418,52.3829482],[11.802569,52.3828747],[11.8027375,52.3827897],[11.8028768,52.3827236],[11.8029851,52.3826984],[11.8030969,52.3826501],[11.8033823,52.3825315],[11.8034304,52.3824864],[11.8035559,52.3823762],[11.80358,52.3823153],[11.8035938,52.382266],[11.8036625,52.3822314],[11.8037795,52.3821915],[11.80396,52.3821275],[11.8041044,52.3820603],[11.8043004,52.3820047],[11.8043641,52.3820015],[11.8044569,52.3820582],[11.8044139,52.3821233],[11.8042987,52.3821789],[11.8041491,52.382245],[11.804046,52.3823426],[11.8040614,52.3823972],[11.8041027,52.3824591],[11.8042567,52.3824974]]]}},{"type":"Feature","id":"way/1220147695","properties":{"natural":"grassland","id":"way/1220147695"},"geometry":{"type":"Polygon","coordinates":[[[11.8154982,52.3862141],[11.812994,52.3862235],[11.8128487,52.3861339],[11.8128509,52.3853527],[11.8128806,52.3853927],[11.8129087,52.3855014],[11.812905,52.3856535],[11.8129012,52.3858091],[11.8129087,52.3859738],[11.8129312,52.3860218],[11.8130005,52.3860344],[11.8130999,52.3860504],[11.8132085,52.3860893],[11.8133191,52.386127],[11.8133978,52.3861293],[11.8135702,52.3861293],[11.8141231,52.3861259],[11.8145503,52.3861259],[11.8147546,52.3860836],[11.8149345,52.3860824],[11.8151781,52.3860847],[11.8152681,52.386103],[11.8153693,52.3861511],[11.8154982,52.3862141]]]}},{"type":"Feature","id":"way/1220147696","properties":{"building":"yes","id":"way/1220147696"},"geometry":{"type":"Polygon","coordinates":[[[11.8179231,52.3849792],[11.8179494,52.3849792],[11.8179498,52.3849744],[11.8180163,52.3849829],[11.8180079,52.3850304],[11.8179419,52.3850258],[11.8179451,52.3849932],[11.8179217,52.384993],[11.8179231,52.3849792]]]}},{"type":"Feature","id":"way/1220147697","properties":{"building":"yes","id":"way/1220147697"},"geometry":{"type":"Polygon","coordinates":[[[11.8178158,52.3850719],[11.8178561,52.3850785],[11.8178421,52.3851151],[11.8179957,52.3851296],[11.8179896,52.3851519],[11.8177901,52.3851336],[11.8178158,52.3850719]]]}},{"type":"Feature","id":"way/1220147698","properties":{"building":"yes","id":"way/1220147698"},"geometry":{"type":"Polygon","coordinates":[[[11.8182267,52.3851728],[11.8182248,52.3852083],[11.8181691,52.3852071],[11.818171,52.3851717],[11.8182267,52.3851728]]]}},{"type":"Feature","id":"way/1220147699","properties":{"building":"yes","id":"way/1220147699"},"geometry":{"type":"Polygon","coordinates":[[[11.8179742,52.3852394],[11.8179793,52.3851708],[11.818096,52.3851708],[11.8180908,52.3852426],[11.8179742,52.3852394]]]}},{"type":"Feature","id":"way/1220147700","properties":{"natural":"grassland","id":"way/1220147700"},"geometry":{"type":"Polygon","coordinates":[[[11.8199156,52.385827],[11.8192821,52.3858293],[11.8192872,52.3862057],[11.8186844,52.3862088],[11.8186376,52.3862089],[11.8186395,52.3860596],[11.8186338,52.3859063],[11.8186844,52.3857198],[11.8187594,52.3856226],[11.8187519,52.3855185],[11.81881,52.3854442],[11.8189262,52.3854408],[11.8197508,52.3854568],[11.8198838,52.3854728],[11.8199232,52.3855288],[11.8199156,52.385827]]]}},{"type":"Feature","id":"way/1220147701","properties":{"building":"yes","id":"way/1220147701"},"geometry":{"type":"Polygon","coordinates":[[[11.8268275,52.385447],[11.8269447,52.385447],[11.8269447,52.3854702],[11.8268275,52.3854702],[11.8268275,52.385447]]]}},{"type":"Feature","id":"way/1220147702","properties":{"natural":"grassland","id":"way/1220147702"},"geometry":{"type":"Polygon","coordinates":[[[11.8284537,52.3857963],[11.8261805,52.3858044],[11.8262536,52.3857244],[11.8263098,52.3856844],[11.8264223,52.3856615],[11.8265872,52.3856958],[11.8268177,52.3856604],[11.8270332,52.3856066],[11.8270763,52.3855803],[11.8272281,52.3855654],[11.8273968,52.3855574],[11.8274905,52.3854682],[11.8275148,52.385355],[11.8274417,52.3852829],[11.8274399,52.3851903],[11.827498,52.385101],[11.827586,52.3850473],[11.8277659,52.3850427],[11.8282869,52.3850908],[11.8284818,52.3851113],[11.8285212,52.3856684],[11.8284537,52.3857963]]]}},{"type":"Feature","id":"way/1220147703","properties":{"natural":"grassland","id":"way/1220147703"},"geometry":{"type":"Polygon","coordinates":[[[11.8384488,52.3861452],[11.8379213,52.3861469],[11.8378744,52.3861247],[11.8378735,52.3857839],[11.8381336,52.3857845],[11.838134,52.3858373],[11.838402,52.3858364],[11.8384005,52.3856681],[11.8381326,52.3856689],[11.8378997,52.3856689],[11.8378669,52.3856512],[11.8378576,52.3855174],[11.8378777,52.3855188],[11.837895,52.3855014],[11.8378932,52.3854728],[11.8379306,52.3854282],[11.8380375,52.3854282],[11.8381874,52.3854282],[11.8383617,52.3854442],[11.8383879,52.3854694],[11.8384235,52.3855185],[11.8384722,52.3855174],[11.8384872,52.3861196],[11.8384488,52.3861452]]]}},{"type":"Feature","id":"way/1220147705","properties":{"natural":"scrub","id":"way/1220147705"},"geometry":{"type":"Polygon","coordinates":[[[11.8385359,52.3853332],[11.8385416,52.3853235],[11.8385622,52.3853155],[11.8386015,52.3853178],[11.8386175,52.3853401],[11.8386147,52.3853613],[11.8386521,52.3854013],[11.8386531,52.385427],[11.8386287,52.3854705],[11.8386278,52.3855191],[11.8386896,52.3855769],[11.8387224,52.3856112],[11.8386896,52.3856381],[11.8385997,52.385681],[11.8385725,52.3856895],[11.8385509,52.3856506],[11.8385397,52.3855643],[11.8385373,52.3854173],[11.8385359,52.3853332]]]}},{"type":"Feature","id":"way/1220147706","properties":{"natural":"scrub","id":"way/1220147706"},"geometry":{"type":"Polygon","coordinates":[[[11.8378688,52.385367],[11.837851,52.3853407],[11.8378491,52.3852749],[11.8378491,52.3852211],[11.8378604,52.3851811],[11.8379625,52.385228],[11.8379709,52.3852412],[11.8380122,52.3852017],[11.838,52.3851582],[11.8380037,52.3851325],[11.8380965,52.3851234],[11.838252,52.3851131],[11.8383392,52.3851256],[11.8383504,52.3851514],[11.838372,52.385188],[11.8384235,52.385232],[11.8384301,52.3852715],[11.8384179,52.3853138],[11.8383898,52.3853418],[11.838341,52.385359],[11.8382267,52.3853521],[11.8381415,52.3853618],[11.8380927,52.3853664],[11.8378688,52.385367]]]}},{"type":"Feature","id":"way/1220147707","properties":{"natural":"scrub","id":"way/1220147707"},"geometry":{"type":"Polygon","coordinates":[[[11.8378576,52.3855174],[11.8378538,52.3854247],[11.8379138,52.3853904],[11.838283,52.3853881],[11.8384516,52.3854019],[11.8384741,52.3854476],[11.8384722,52.3855174],[11.8384235,52.3855185],[11.8383879,52.3854694],[11.8383617,52.3854442],[11.8381874,52.3854282],[11.8380375,52.3854282],[11.8379306,52.3854282],[11.8378932,52.3854728],[11.837895,52.3855014],[11.8378777,52.3855188],[11.8378576,52.3855174]]]}},{"type":"Feature","id":"way/1220147708","properties":{"building":"yes","id":"way/1220147708"},"geometry":{"type":"Polygon","coordinates":[[[11.8383984,52.3850692],[11.8383994,52.3849836],[11.8384982,52.384984],[11.8384976,52.3850382],[11.8384924,52.3850382],[11.8384921,52.3850649],[11.8384596,52.3850647],[11.8384596,52.3850694],[11.8383984,52.3850692]]]}},{"type":"Feature","id":"way/1220147709","properties":{"building":"yes","id":"way/1220147709"},"geometry":{"type":"Polygon","coordinates":[[[11.8377029,52.3853358],[11.8377025,52.3853059],[11.837799,52.3853054],[11.8377995,52.3853352],[11.8377029,52.3853358]]]}},{"type":"Feature","id":"way/1220147710","properties":{"natural":"grassland","id":"way/1220147710"},"geometry":{"type":"Polygon","coordinates":[[[11.8377741,52.3861474],[11.8375915,52.386148],[11.8376402,52.3860927],[11.8376739,52.386047],[11.8376533,52.3859475],[11.8376289,52.3858411],[11.8375727,52.3857061],[11.837494,52.3855174],[11.8374771,52.3854476],[11.8374696,52.3853355],[11.8374621,52.3852223],[11.8373965,52.3851537],[11.8374003,52.385101],[11.8375258,52.3850827],[11.8378051,52.3850747],[11.8380412,52.3850233],[11.8382717,52.3849718],[11.8384048,52.3849478],[11.8386446,52.3849661],[11.8387739,52.3850004],[11.8388302,52.3851102],[11.8387964,52.3852966],[11.8387871,52.3855403],[11.8388358,52.3855769],[11.8388433,52.3856421],[11.8387852,52.3858136],[11.8387889,52.3859234],[11.8387946,52.3860527],[11.8388508,52.386144],[11.8385994,52.3861447],[11.8385472,52.3861236],[11.8385509,52.3856506],[11.8385725,52.3856895],[11.8385997,52.385681],[11.8386896,52.3856381],[11.8387224,52.3856112],[11.8386896,52.3855769],[11.8386278,52.3855191],[11.8386287,52.3854705],[11.8386531,52.385427],[11.8386521,52.3854013],[11.8386147,52.3853613],[11.8386175,52.3853401],[11.8386015,52.3853178],[11.8385622,52.3853155],[11.8385416,52.3853235],[11.8385359,52.3853332],[11.8385373,52.3854173],[11.8385135,52.385383],[11.8384788,52.385371],[11.8384123,52.3853647],[11.8380927,52.3853664],[11.8381415,52.3853618],[11.8382267,52.3853521],[11.838341,52.385359],[11.8383898,52.3853418],[11.8384179,52.3853138],[11.8384301,52.3852715],[11.8384235,52.385232],[11.838372,52.385188],[11.8383504,52.3851514],[11.8383392,52.3851256],[11.838252,52.3851131],[11.8380965,52.3851234],[11.8380037,52.3851325],[11.838,52.3851582],[11.8380122,52.3852017],[11.8379709,52.3852412],[11.8379625,52.385228],[11.8378604,52.3851811],[11.8378491,52.3852211],[11.8378491,52.3852749],[11.837851,52.3853407],[11.8378688,52.385367],[11.8378369,52.385387],[11.8378154,52.3854122],[11.8378116,52.3854293],[11.8378098,52.3861247],[11.8377741,52.3861474]]]}},{"type":"Feature","id":"way/1220148641","properties":{"natural":"wood","id":"way/1220148641"},"geometry":{"type":"Polygon","coordinates":[[[11.830769,52.3825757],[11.8312552,52.3825524],[11.8317081,52.3825363],[11.8317855,52.3825363],[11.8318289,52.3825777],[11.8318138,52.3826261],[11.8317383,52.3826779],[11.8316062,52.3827229],[11.8314458,52.3828046],[11.8314005,52.382838],[11.831059,52.3829958],[11.8308156,52.3831271],[11.8303854,52.3833148],[11.8296476,52.3836442],[11.8291268,52.3839091],[11.8288306,52.3840577],[11.8287627,52.3840634],[11.8287193,52.3840542],[11.8286872,52.3840036],[11.8286721,52.3839103],[11.8286495,52.3837053],[11.8286476,52.3831801],[11.8286394,52.3828634],[11.8286633,52.3827631],[11.8286633,52.3826733],[11.828879,52.3826294],[11.8298454,52.3826377],[11.8303438,52.3826102],[11.8305321,52.3826988],[11.8306902,52.3826724],[11.830769,52.3825757]]]}},{"type":"Feature","id":"way/1220148884","properties":{"natural":"wood","id":"way/1220148884"},"geometry":{"type":"Polygon","coordinates":[[[11.8329323,52.3817422],[11.8327275,52.3818718],[11.8329409,52.382071],[11.8328119,52.3821988],[11.8325553,52.3823209],[11.8320874,52.3825213],[11.8319704,52.382519],[11.8317704,52.3824522],[11.8316119,52.3824407],[11.831125,52.3824706],[11.8307953,52.3825004],[11.8298159,52.3825223],[11.8288687,52.3824915],[11.8286668,52.3824748],[11.8287215,52.3820569],[11.8285759,52.382058],[11.8286042,52.3816128],[11.8286211,52.3815369],[11.8286946,52.3815007],[11.8287934,52.3814852],[11.829316,52.3814766],[11.8296579,52.3814869],[11.8302624,52.3814938],[11.8305844,52.3815593],[11.8308161,52.3815973],[11.8310901,52.3816369],[11.8319235,52.3816766],[11.8323359,52.3816749],[11.8326099,52.3816886],[11.832802,52.3817128],[11.8329323,52.3817422]]]}},{"type":"Feature","id":"way/1220150286","properties":{"natural":"wood","id":"way/1220150286"},"geometry":{"type":"Polygon","coordinates":[[[11.8345006,52.3797329],[11.8345056,52.3798173],[11.8344759,52.3799199],[11.8344298,52.3800547],[11.8344067,52.3801693],[11.8343672,52.3802769],[11.8343194,52.3803362],[11.8342107,52.3803895],[11.8341234,52.3804137],[11.8339784,52.3804288],[11.8338993,52.3804318],[11.8339306,52.3801391],[11.8339735,52.3799792],[11.8339669,52.3798666],[11.8339175,52.3798425],[11.833845,52.3798686],[11.8338054,52.379935],[11.8337708,52.3800336],[11.8337428,52.3801321],[11.8337198,52.380299],[11.8337181,52.3803574],[11.8336901,52.3803905],[11.8335913,52.3804267],[11.8332717,52.3804278],[11.8328549,52.3804107],[11.8323672,52.3803694],[11.8323277,52.3803403],[11.8323606,52.3803061],[11.8324809,52.3803081],[11.8326424,52.3803031],[11.8327956,52.380289],[11.8328763,52.3802266],[11.8329208,52.3801281],[11.8329372,52.3799782],[11.8329257,52.3798153],[11.8328318,52.3797942],[11.8325863,52.3797882],[11.8324018,52.3798053],[11.8323244,52.3798525],[11.8322947,52.3799501],[11.8322717,52.3801432],[11.8322453,52.3802407],[11.8321943,52.380289],[11.8320295,52.3803372],[11.8315221,52.380294],[11.8314941,52.3802437],[11.8315485,52.3802166],[11.8317989,52.3802186],[11.8319175,52.3801281],[11.8319076,52.3800718],[11.8319076,52.3798113],[11.8318351,52.3797661],[11.8315386,52.3797158],[11.831387,52.3797148],[11.8313392,52.3799139],[11.831331,52.3800999],[11.8313063,52.3802015],[11.8312701,52.3802447],[11.8311943,52.3802588],[11.8310213,52.3801934],[11.8307429,52.3800667],[11.8306506,52.3800155],[11.830621,52.3799702],[11.8307462,52.3798475],[11.8307907,52.3797771],[11.8307989,52.3797107],[11.8308104,52.3796303],[11.8308434,52.3794694],[11.8309043,52.3793869],[11.831018,52.3793306],[11.8310987,52.3793085],[11.8312799,52.3792934],[11.8316572,52.3792864],[11.8318269,52.3792472],[11.8319603,52.3792109],[11.8321201,52.3791345],[11.8322124,52.3790762],[11.8323672,52.3790601],[11.8334611,52.3790893],[11.8337445,52.3790943],[11.8340921,52.3791094],[11.8342321,52.3791134],[11.8343112,52.3791466],[11.8343721,52.3792039],[11.8344133,52.3793256],[11.8344825,52.3795981],[11.8345006,52.3797329]]]}},{"type":"Feature","id":"way/1220150287","properties":{"natural":"grassland","id":"way/1220150287"},"geometry":{"type":"Polygon","coordinates":[[[11.8335913,52.3804267],[11.8336901,52.3803905],[11.8337181,52.3803574],[11.8337198,52.380299],[11.8337428,52.3801321],[11.8337708,52.3800336],[11.8338054,52.379935],[11.833845,52.3798686],[11.8339175,52.3798425],[11.8339669,52.3798666],[11.8339735,52.3799792],[11.8339306,52.3801391],[11.8338993,52.3804318],[11.8335913,52.3804267]]]}},{"type":"Feature","id":"way/1220150288","properties":{"natural":"grassland","id":"way/1220150288"},"geometry":{"type":"Polygon","coordinates":[[[11.8320295,52.3803372],[11.8321943,52.380289],[11.8322453,52.3802407],[11.8322717,52.3801432],[11.8322947,52.3799501],[11.8323244,52.3798525],[11.8324018,52.3798053],[11.8325863,52.3797882],[11.8328318,52.3797942],[11.8329257,52.3798153],[11.8329372,52.3799782],[11.8329208,52.3801281],[11.8328763,52.3802266],[11.8327956,52.380289],[11.8326424,52.3803031],[11.8324809,52.3803081],[11.8323606,52.3803061],[11.8323277,52.3803403],[11.8323672,52.3803694],[11.8320295,52.3803372]]]}},{"type":"Feature","id":"way/1220150289","properties":{"natural":"grassland","id":"way/1220150289"},"geometry":{"type":"Polygon","coordinates":[[[11.8311943,52.3802588],[11.8312701,52.3802447],[11.8313063,52.3802015],[11.831331,52.3800999],[11.8313392,52.3799139],[11.831387,52.3797148],[11.8315386,52.3797158],[11.8318351,52.3797661],[11.8319076,52.3798113],[11.8319076,52.3800718],[11.8319175,52.3801281],[11.8317989,52.3802186],[11.8315485,52.3802166],[11.8314941,52.3802437],[11.8315221,52.380294],[11.8314364,52.380293],[11.8312964,52.3802799],[11.8311943,52.3802588]]]}},{"type":"Feature","id":"way/1220150290","properties":{"natural":"scrub","id":"way/1220150290"},"geometry":{"type":"Polygon","coordinates":[[[11.8345978,52.3797449],[11.8347197,52.3797972],[11.8347527,52.3798445],[11.834728,52.379937],[11.8346934,52.3799792],[11.834644,52.3800004],[11.8346193,52.3800386],[11.8345698,52.3800959],[11.8344957,52.3801371],[11.8345188,52.3800315],[11.834583,52.3799229],[11.8346028,52.3798525],[11.8345978,52.3797449]]]}},{"type":"Feature","id":"way/1220150291","properties":{"natural":"grassland","id":"way/1220150291"},"geometry":{"type":"Polygon","coordinates":[[[11.8345978,52.3797449],[11.8348285,52.3797419],[11.8349405,52.3798244],[11.8348795,52.3802809],[11.8345155,52.3802578],[11.8344726,52.3802739],[11.8344957,52.3801371],[11.8345698,52.3800959],[11.8346193,52.3800386],[11.834644,52.3800004],[11.8346934,52.3799792],[11.834728,52.379937],[11.8347527,52.3798445],[11.8347197,52.3797972],[11.8345978,52.3797449]]]}},{"type":"Feature","id":"way/1220150292","properties":{"natural":"grassland","id":"way/1220150292"},"geometry":{"type":"Polygon","coordinates":[[[11.8343973,52.3811206],[11.8343738,52.3811518],[11.8343326,52.3812031],[11.8343771,52.3808974],[11.8344199,52.3806892],[11.834443,52.3806128],[11.8344792,52.3805434],[11.8344792,52.380479],[11.8344759,52.3804448],[11.8344611,52.3803835],[11.8348054,52.3804117],[11.8348631,52.3804348],[11.8348762,52.3804549],[11.8348614,52.3805092],[11.8348186,52.3805756],[11.8347412,52.3805907],[11.8345319,52.3805826],[11.8344924,52.3806158],[11.8344788,52.3806734],[11.8343973,52.3811206]]]}},{"type":"Feature","id":"way/1220150293","properties":{"building":"yes","id":"way/1220150293"},"geometry":{"type":"Polygon","coordinates":[[[11.8350509,52.3805542],[11.8351625,52.380562],[11.8351525,52.3806153],[11.8350409,52.3806075],[11.8350509,52.3805542]]]}},{"type":"Feature","id":"way/1220150294","properties":{"natural":"grassland","id":"way/1220150294"},"geometry":{"type":"Polygon","coordinates":[[[11.8324578,52.3804197],[11.8325073,52.380471],[11.8326605,52.3804841],[11.8327956,52.3804971],[11.8327478,52.380658],[11.8327247,52.3809587],[11.832672,52.3810392],[11.8324858,52.3810432],[11.832242,52.3810211],[11.832214,52.3809557],[11.8322272,52.3808431],[11.8323162,52.3806359],[11.8323656,52.3804951],[11.8323854,52.3804469],[11.8322882,52.3804097],[11.8324578,52.3804197]]]}},{"type":"Feature","id":"way/1220150295","properties":{"natural":"grassland","id":"way/1220150295"},"geometry":{"type":"Polygon","coordinates":[[[11.833555,52.380472],[11.8334924,52.3805082],[11.8335698,52.3805565],[11.833789,52.3806068],[11.8337857,52.3807144],[11.8336489,52.3811367],[11.8331844,52.3810673],[11.8331876,52.3809979],[11.8332157,52.3806962],[11.8332783,52.380472],[11.833555,52.380472]]]}},{"type":"Feature","id":"way/1220150296","properties":{"natural":"wood","id":"way/1220150296"},"geometry":{"type":"Polygon","coordinates":[[[11.8341105,52.3816218],[11.8340014,52.3815409],[11.8338675,52.3814804],[11.8338466,52.3814283],[11.8338664,52.3813519],[11.8339257,52.3812634],[11.8339784,52.3810563],[11.8339916,52.3808974],[11.8340212,52.3807144],[11.8340311,52.3806017],[11.833985,52.3805173],[11.8339504,52.380479],[11.8340608,52.380469],[11.8341662,52.3804579],[11.8342469,52.3804288],[11.8342997,52.3804197],[11.8343787,52.3804499],[11.8343952,52.3804951],[11.8343557,52.3805635],[11.8343293,52.3806238],[11.8342964,52.3807676],[11.8342469,52.3810975],[11.8342453,52.3812835],[11.8342288,52.381367],[11.8341843,52.3814977],[11.8341695,52.381549],[11.8341464,52.3815922],[11.8341105,52.3816218]]]}},{"type":"Feature","id":"way/1220150297","properties":{"natural":"wood","id":"way/1220150297"},"geometry":{"type":"Polygon","coordinates":[[[11.8337575,52.3814306],[11.8336897,52.3812927],[11.8335406,52.3812707],[11.833369,52.3814003],[11.8333419,52.381483],[11.8329863,52.381708],[11.8328938,52.3816861],[11.8327385,52.3816516],[11.832504,52.3816283],[11.8323627,52.3816145],[11.8321664,52.3816111],[11.8317822,52.3816223],[11.8312991,52.3815981],[11.831052,52.3815705],[11.8308966,52.3815421],[11.8306198,52.3814835],[11.8304488,52.3814472],[11.8301974,52.3814222],[11.8300237,52.381411],[11.8298853,52.3814084],[11.8299813,52.381336],[11.8301084,52.3812403],[11.830189,52.3811653],[11.8302469,52.3810903],[11.8303375,52.3809246],[11.8303993,52.380792],[11.8305189,52.3807591],[11.8306445,52.3807397],[11.8307402,52.3805011],[11.8304726,52.3804834],[11.8305024,52.3803111],[11.830532,52.3801452],[11.8305798,52.3800989],[11.8306457,52.3800969],[11.8307758,52.3801562],[11.8310345,52.3802739],[11.8313145,52.3803332],[11.8314167,52.3803312],[11.8320707,52.3803986],[11.8322882,52.3804097],[11.8323854,52.3804469],[11.8323656,52.3804951],[11.8323162,52.3806359],[11.8322272,52.3808431],[11.832214,52.3809557],[11.832242,52.3810211],[11.8324858,52.3810432],[11.832672,52.3810392],[11.8327247,52.3809587],[11.8327478,52.380658],[11.8327956,52.3804971],[11.8326605,52.3804841],[11.8325073,52.380471],[11.8324578,52.3804197],[11.8328466,52.3804519],[11.8332783,52.380472],[11.8332157,52.3806962],[11.8331876,52.3809979],[11.8331844,52.3810673],[11.8336489,52.3811367],[11.8337857,52.3807144],[11.833789,52.3806068],[11.8335698,52.3805565],[11.8334924,52.3805082],[11.833555,52.380472],[11.8337286,52.3804845],[11.8337791,52.3804881],[11.8338565,52.3805072],[11.8339224,52.3806108],[11.8339224,52.3807073],[11.8339026,52.3808219],[11.8338581,52.3810221],[11.8338581,52.3811166],[11.8338713,52.3811679],[11.8338417,52.3812262],[11.8337575,52.3814306]]]}},{"type":"Feature","id":"way/1220151009","properties":{"building":"yes","id":"way/1220151009"},"geometry":{"type":"Polygon","coordinates":[[[11.8391966,52.3811078],[11.839279,52.3811106],[11.8392744,52.381161],[11.8391921,52.3811583],[11.8391966,52.3811078]]]}},{"type":"Feature","id":"way/1220151010","properties":{"building":"yes","id":"way/1220151010"},"geometry":{"type":"Polygon","coordinates":[[[11.8390986,52.3814404],[11.8392707,52.3814405],[11.8392699,52.3818051],[11.8390978,52.3818049],[11.8390986,52.3814404]]]}},{"type":"Feature","id":"way/1220151013","properties":{"natural":"wood","id":"way/1220151013"},"geometry":{"type":"Polygon","coordinates":[[[11.8341065,52.3818857],[11.8341505,52.3818304],[11.8341911,52.3816484],[11.8342535,52.381543],[11.8342832,52.3814504],[11.8343046,52.3813288],[11.8343326,52.3812031],[11.8343738,52.3811518],[11.8343973,52.3811206],[11.8346656,52.3811388],[11.8347472,52.3806916],[11.8344788,52.3806734],[11.8344924,52.3806158],[11.8345319,52.3805826],[11.8347412,52.3805907],[11.8348186,52.3805756],[11.8348614,52.3805092],[11.8348762,52.3804549],[11.8348631,52.3804348],[11.8348054,52.3804117],[11.8344611,52.3803835],[11.8344726,52.3802739],[11.8345155,52.3802578],[11.8348795,52.3802809],[11.8349405,52.3798244],[11.8348285,52.3797419],[11.8345978,52.3797449],[11.8345616,52.3795418],[11.8345237,52.3793598],[11.8344875,52.3791858],[11.834667,52.3791949],[11.8352832,52.3792079],[11.8359125,52.3791838],[11.836092,52.3792059],[11.8361794,52.3792431],[11.8362387,52.3793346],[11.8363902,52.3793879],[11.8367247,52.3794453],[11.8369438,52.3795036],[11.8370739,52.3795659],[11.8371217,52.3796263],[11.8370739,52.3797691],[11.8369998,52.3800858],[11.8369174,52.3804549],[11.8368511,52.3806707],[11.8368041,52.3806666],[11.8367959,52.380702],[11.8367864,52.3807395],[11.8368177,52.3807697],[11.8368589,52.3807857],[11.8368737,52.3808501],[11.8368663,52.380923],[11.8367708,52.3812745],[11.8366373,52.3818446],[11.8365978,52.3820176],[11.8363359,52.3820669],[11.8362074,52.3820749],[11.8359932,52.3820689],[11.8358845,52.3820488],[11.8356654,52.3820005],[11.8355154,52.3819341],[11.8353655,52.3818859],[11.8351052,52.3818195],[11.8348449,52.3817521],[11.8346242,52.381733],[11.8344529,52.3817642],[11.8343557,52.3818567],[11.8343161,52.3818949],[11.8342535,52.3819241],[11.8341547,52.3819261],[11.8341234,52.381909],[11.8341065,52.3818857]]]}},{"type":"Feature","id":"way/1220151014","properties":{"building":"yes","id":"way/1220151014"},"geometry":{"type":"Polygon","coordinates":[[[11.8368041,52.3806666],[11.8368511,52.3806707],[11.8368927,52.3806743],[11.8368844,52.3807097],[11.8367959,52.380702],[11.8368041,52.3806666]]]}},{"type":"Feature","id":"way/1220151204","properties":{"natural":"grassland","id":"way/1220151204"},"geometry":{"type":"Polygon","coordinates":[[[11.8281184,52.3844532],[11.8281894,52.3844963],[11.8282437,52.3845144],[11.8282289,52.3845858],[11.8281811,52.384629],[11.8280444,52.3846421],[11.8279554,52.3845858],[11.8279472,52.3845013],[11.8279983,52.3844269],[11.8280362,52.3843263],[11.8280263,52.3842127],[11.8280049,52.3841353],[11.8279357,52.384092],[11.8278797,52.384078],[11.8276704,52.3840729],[11.8280131,52.3840377],[11.8284398,52.3840166],[11.8284826,52.3840398],[11.8284837,52.3842558],[11.8284306,52.3841844],[11.8284118,52.3841071],[11.8283821,52.384087],[11.8283617,52.3840942],[11.8281209,52.3840936],[11.8281184,52.3844532]]]}},{"type":"Feature","id":"way/1220151205","properties":{"natural":"wood","id":"way/1220151205"},"geometry":{"type":"Polygon","coordinates":[[[11.8284306,52.3841844],[11.8284837,52.3842558],[11.8284818,52.3851113],[11.8282869,52.3850908],[11.8277659,52.3850427],[11.827586,52.3850473],[11.827498,52.385101],[11.8274399,52.3851903],[11.8274417,52.3852829],[11.8275148,52.385355],[11.8274905,52.3854682],[11.8273968,52.3855574],[11.8272281,52.3855654],[11.8270763,52.3855803],[11.8270332,52.3856066],[11.8268177,52.3856604],[11.8265872,52.3856958],[11.8264223,52.3856615],[11.8263098,52.3856844],[11.8262536,52.3857244],[11.8261805,52.3858044],[11.8260081,52.385805],[11.8259934,52.3855621],[11.8259934,52.3853419],[11.8259785,52.3851981],[11.8260181,52.3847889],[11.8260346,52.3844772],[11.8260675,52.3843384],[11.8261795,52.3842519],[11.8263574,52.3841916],[11.8266573,52.3841413],[11.8270131,52.3841152],[11.8276704,52.3840729],[11.8278797,52.384078],[11.8279357,52.384092],[11.8280049,52.3841353],[11.8280263,52.3842127],[11.8280362,52.3843263],[11.8279983,52.3844269],[11.8279472,52.3845013],[11.8279554,52.3845858],[11.8280444,52.3846421],[11.8281811,52.384629],[11.8282289,52.3845858],[11.8282437,52.3845144],[11.8281894,52.3844963],[11.8281184,52.3844532],[11.8283592,52.3844538],[11.8283617,52.3840942],[11.8283821,52.384087],[11.8284118,52.3841071],[11.8284306,52.3841844]]]}},{"type":"Feature","id":"way/1220151777","properties":{"natural":"grassland","id":"way/1220151777"},"geometry":{"type":"Polygon","coordinates":[[[11.8197518,52.3828498],[11.8185981,52.3828341],[11.8172604,52.38282],[11.8162884,52.382818],[11.8161097,52.3828544],[11.8157064,52.382881],[11.8152895,52.3828351],[11.8148484,52.3828416],[11.8149079,52.3828009],[11.8149788,52.3827767],[11.8162639,52.3827748],[11.818651,52.3827733],[11.821122,52.3827597],[11.8212883,52.3827617],[11.8213773,52.3827728],[11.8214218,52.382816],[11.821458,52.3828643],[11.8214103,52.3829347],[11.8213444,52.3829819],[11.8212735,52.383],[11.8212603,52.383183],[11.822056,52.3831881],[11.8220593,52.3830201],[11.8219868,52.3830181],[11.8219934,52.3828733],[11.8222175,52.3827597],[11.8239094,52.3827607],[11.8239341,52.3827929],[11.8239522,52.3828442],[11.823956,52.3828808],[11.8238599,52.3828886],[11.822924,52.3828275],[11.8223918,52.3828307],[11.8221779,52.3828339],[11.8221884,52.3833561],[11.8211874,52.383369],[11.8208847,52.3832504],[11.8208386,52.3831338],[11.8208892,52.3829708],[11.8207694,52.3828904],[11.8205927,52.3828637],[11.8197518,52.3828498]]]}},{"type":"Feature","id":"way/1220151778","properties":{"natural":"grassland","id":"way/1220151778"},"geometry":{"type":"Polygon","coordinates":[[[11.8245117,52.3828158],[11.8240231,52.3828753],[11.8240033,52.382812],[11.8240082,52.3827698],[11.8240264,52.3827577],[11.828018,52.3827567],[11.8281334,52.3827748],[11.8282091,52.3827929],[11.8283047,52.3828391],[11.8283805,52.3828834],[11.8284266,52.3829276],[11.8284661,52.3829769],[11.8284843,52.3830221],[11.8284909,52.3832585],[11.8285024,52.3839734],[11.8283895,52.38397],[11.8283796,52.3839183],[11.8283891,52.3838043],[11.8283683,52.3836316],[11.8283513,52.3834058],[11.8283853,52.3832342],[11.8284237,52.3829637],[11.8282868,52.3828843],[11.8281019,52.3828154],[11.8277356,52.3828133],[11.8273978,52.3827933],[11.8257117,52.3827979],[11.8246277,52.382822],[11.8245117,52.3828158]]]}},{"type":"Feature","id":"way/1220151779","properties":{"natural":"wood","id":"way/1220151779"},"geometry":{"type":"Polygon","coordinates":[[[11.8242926,52.3839586],[11.8240151,52.3839071],[11.8240824,52.3838366],[11.824112,52.3837421],[11.824168,52.3836707],[11.8241878,52.3836677],[11.8242175,52.3837109],[11.824257,52.3838065],[11.8242768,52.3838779],[11.8242883,52.3839251],[11.8242926,52.3839586]]]}},{"type":"Feature","id":"way/1220151780","properties":{"natural":"wood","id":"way/1220151780"},"geometry":{"type":"Polygon","coordinates":[[[11.8273978,52.3827933],[11.8277356,52.3828133],[11.8281019,52.3828154],[11.8282868,52.3828843],[11.8284237,52.3829637],[11.8283853,52.3832342],[11.8283513,52.3834058],[11.8283683,52.3836316],[11.8283891,52.3838043],[11.8283796,52.3839183],[11.8283895,52.38397],[11.8277759,52.3840046],[11.8271828,52.3840367],[11.8267808,52.384079],[11.8264151,52.3841313],[11.8260906,52.3842127],[11.826,52.3842801],[11.8259802,52.3843595],[11.825883,52.38427],[11.8257281,52.3842238],[11.8253789,52.3841675],[11.824687,52.3840307],[11.8244431,52.3839865],[11.8243871,52.3838115],[11.8241927,52.3834374],[11.8241268,52.3832444],[11.8240478,52.3830493],[11.8240231,52.3828753],[11.8245117,52.3828158],[11.8246277,52.382822],[11.8257117,52.3827979],[11.8273978,52.3827933]]]}},{"type":"Feature","id":"way/1220153381","properties":{"natural":"wood","id":"way/1220153381"},"geometry":{"type":"Polygon","coordinates":[[[11.8143155,52.3830321],[11.814272,52.3829839],[11.814267,52.3829367],[11.8142753,52.3828854],[11.8144021,52.382813],[11.8145224,52.3827774],[11.8146015,52.3827773],[11.8146987,52.382805],[11.8147448,52.3828331],[11.8147267,52.3828723],[11.8146476,52.3829206],[11.8145142,52.382997],[11.814417,52.3830453],[11.8143692,52.3830543],[11.8143346,52.3830473],[11.8143155,52.3830321]]]}},{"type":"Feature","id":"way/1220153382","properties":{"natural":"wood","id":"way/1220153382"},"geometry":{"type":"Polygon","coordinates":[[[11.8149176,52.3838509],[11.8146476,52.3836242],[11.8146781,52.3836106],[11.8145688,52.3835188],[11.8143189,52.3836297],[11.8141863,52.3835183],[11.8143724,52.3834357],[11.814524,52.3833902],[11.8145932,52.3834304],[11.8146888,52.3835149],[11.8147712,52.3835842],[11.8148371,52.3836516],[11.8149176,52.3838509]]]}},{"type":"Feature","id":"way/1220153383","properties":{"natural":"wood","id":"way/1220153383"},"geometry":{"type":"Polygon","coordinates":[[[11.8137662,52.3834073],[11.8137827,52.3834319],[11.8139895,52.3836056],[11.8141059,52.383554],[11.8142385,52.3836653],[11.8140586,52.3837451],[11.814168,52.3838369],[11.8142006,52.3838225],[11.8144174,52.3840046],[11.8142835,52.3840538],[11.8142341,52.3840538],[11.8140694,52.3839201],[11.8139425,52.3838316],[11.8138025,52.3837301],[11.8136888,52.3836215],[11.813641,52.383541],[11.8136559,52.3834827],[11.8137086,52.3834244],[11.8137662,52.3834073]]]}},{"type":"Feature","id":"way/1220153384","properties":{"building":"yes","id":"way/1220153384"},"geometry":{"type":"Polygon","coordinates":[[[11.8132016,52.3846739],[11.8133886,52.3846761],[11.8133779,52.3850062],[11.8131909,52.3850039],[11.8132016,52.3846739]]]}},{"type":"Feature","id":"way/1220153385","properties":{"natural":"wood","id":"way/1220153385"},"geometry":{"type":"Polygon","coordinates":[[[11.8146789,52.382993],[11.8147761,52.3829146],[11.8148484,52.3828416],[11.8152895,52.3828351],[11.8157064,52.382881],[11.8161097,52.3828544],[11.8162884,52.382818],[11.8172604,52.38282],[11.8185981,52.3828341],[11.8197518,52.3828498],[11.8205927,52.3828637],[11.8207694,52.3828904],[11.8208892,52.3829708],[11.8208386,52.3831338],[11.8208847,52.3832504],[11.8211874,52.383369],[11.8221884,52.3833561],[11.8221779,52.3828339],[11.8223918,52.3828307],[11.822924,52.3828275],[11.8238599,52.3828886],[11.8238633,52.3829598],[11.8238748,52.3830413],[11.8238929,52.3830996],[11.8239259,52.383171],[11.8240099,52.3833067],[11.8241137,52.3834666],[11.8241219,52.383544],[11.8240428,52.3836657],[11.8239423,52.3838236],[11.8239226,52.3838899],[11.8237068,52.3839211],[11.8236804,52.3839422],[11.8234064,52.3840997],[11.8231157,52.3840128],[11.8230267,52.3841236],[11.8235394,52.3842769],[11.8235091,52.3843243],[11.8234761,52.3843555],[11.8234794,52.3844118],[11.8235404,52.3844239],[11.8236112,52.3844108],[11.8238237,52.3841644],[11.8239605,52.3839633],[11.8239967,52.3839553],[11.8248303,52.3841011],[11.8252949,52.3841956],[11.825565,52.3842429],[11.8257957,52.3843022],[11.8258879,52.3843495],[11.8259623,52.38442],[11.8259604,52.384626],[11.8259324,52.3849216],[11.8259192,52.385175],[11.8259506,52.3858052],[11.8199156,52.385827],[11.8199232,52.3855288],[11.8198838,52.3854728],[11.8197508,52.3854568],[11.8189262,52.3854408],[11.81881,52.3854442],[11.8187519,52.3855185],[11.8187594,52.3856226],[11.8186844,52.3857198],[11.8186338,52.3859063],[11.8186395,52.3860596],[11.8186376,52.3862089],[11.8154982,52.3862141],[11.8153693,52.3861511],[11.8152681,52.386103],[11.8151781,52.3860847],[11.8149345,52.3860824],[11.8147546,52.3860836],[11.8145503,52.3861259],[11.8141231,52.3861259],[11.8135702,52.3861293],[11.8133978,52.3861293],[11.8133191,52.386127],[11.8132085,52.3860893],[11.8130999,52.3860504],[11.8130005,52.3860344],[11.8129312,52.3860218],[11.8129087,52.3859738],[11.8129012,52.3858091],[11.812905,52.3856535],[11.8129087,52.3855014],[11.8128806,52.3853927],[11.8128509,52.3853527],[11.8128486,52.3838427],[11.8128318,52.3833709],[11.8129781,52.3833516],[11.8130888,52.3833589],[11.8136967,52.3833687],[11.8135801,52.3834274],[11.8133923,52.3835169],[11.8132934,52.3835631],[11.8133346,52.3836295],[11.8143741,52.3844762],[11.8141517,52.3845737],[11.8139936,52.3846008],[11.813847,52.3845707],[11.8136905,52.3844912],[11.8136081,52.3845003],[11.8136278,52.3846039],[11.8140133,52.3849095],[11.8144565,52.3847135],[11.8143675,52.3846119],[11.8144581,52.3845868],[11.8145965,52.384633],[11.8146558,52.3846632],[11.8151731,52.3844671],[11.815244,52.3845083],[11.8154071,52.3846119],[11.8156871,52.3845073],[11.8153263,52.3842067],[11.8150809,52.3840589],[11.8150446,52.3839261],[11.8150282,52.3838507],[11.814959,52.383726],[11.8149095,52.3835561],[11.8148387,52.3834364],[11.8145982,52.3832414],[11.814473,52.3831086],[11.8144927,52.3830684],[11.8145718,52.3830352],[11.8146361,52.3830704],[11.8150261,52.3834105],[11.8151369,52.3835041],[11.8153033,52.3834309],[11.81519,52.3833371],[11.8150265,52.3831871],[11.814954,52.3830935],[11.8148931,52.3830141],[11.8148321,52.3830051],[11.8147728,52.3830282],[11.8147069,52.3830292],[11.8146707,52.3830101],[11.8146789,52.382993]]]}},{"type":"Feature","id":"way/1220153740","properties":{"addr:housenumber":"72","building":"yes","id":"way/1220153740"},"geometry":{"type":"Polygon","coordinates":[[[11.8103948,52.3828784],[11.8103919,52.3829658],[11.8102449,52.382964],[11.8102478,52.3828766],[11.8103948,52.3828784]]]}},{"type":"Feature","id":"way/1220153741","properties":{"natural":"grassland","id":"way/1220153741"},"geometry":{"type":"Polygon","coordinates":[[[11.8098734,52.3827305],[11.8098355,52.3827245],[11.8097498,52.3827004],[11.809623,52.3826491],[11.8097597,52.3826692],[11.8098223,52.3826722],[11.8098882,52.3826571],[11.8099162,52.3826008],[11.8099179,52.3825244],[11.8099772,52.3824681],[11.8100908,52.382453],[11.8101304,52.3824892],[11.8101057,52.3825355],[11.8100266,52.3825988],[11.8099706,52.3826571],[11.8100908,52.3826853],[11.8102754,52.3827004],[11.8104187,52.3827024],[11.810595,52.3826964],[11.8106625,52.3826873],[11.8107416,52.3826652],[11.8108635,52.3826079],[11.8109491,52.3825928],[11.8110035,52.3826119],[11.8111435,52.3826581],[11.8112061,52.3826531],[11.8112935,52.3826239],[11.8113989,52.3826541],[11.8114747,52.3826803],[11.8115373,52.3826974],[11.8116855,52.3826943],[11.8117745,52.3826732],[11.8118832,52.3826772],[11.8120134,52.3826662],[11.8121369,52.382639],[11.8122621,52.3826501],[11.8123709,52.3826893],[11.812562,52.3826793],[11.8128321,52.3826873],[11.813076,52.3826752],[11.8132176,52.3826571],[11.8133857,52.3826209],[11.8136229,52.3826189],[11.8138733,52.382625],[11.8141863,52.3825968],[11.8144598,52.3826008],[11.8146476,52.3825807],[11.8147201,52.3825324],[11.8147728,52.3824781],[11.814842,52.3824339],[11.8149507,52.3823997],[11.8150199,52.3823253],[11.8150397,52.382263],[11.8151484,52.3821865],[11.8152868,52.3821704],[11.8153263,52.3821242],[11.8153263,52.382088],[11.8153826,52.3820895],[11.8153807,52.3821081],[11.8153329,52.3821544],[11.8152736,52.3822036],[11.8149952,52.3824108],[11.814674,52.38264],[11.8145899,52.3826913],[11.8145175,52.3827155],[11.8144614,52.3827205],[11.8123616,52.3827222],[11.8098734,52.3827305]]]}},{"type":"Feature","id":"way/1220328535","properties":{"landuse":"meadow","id":"way/1220328535"},"geometry":{"type":"Polygon","coordinates":[[[11.8153493,52.3800598],[11.8153563,52.3799934],[11.815341,52.3799546],[11.8153493,52.379885],[11.8153752,52.3796875],[11.8153857,52.379648],[11.8154269,52.3795611],[11.8154528,52.3794764],[11.8154762,52.3793603],[11.8155379,52.3795064],[11.8156046,52.3795898],[11.8157693,52.3796717],[11.8159278,52.3796873],[11.8160516,52.3796703],[11.8160257,52.3797392],[11.8160422,52.3798053],[11.8159128,52.3798081],[11.8156963,52.3797981],[11.8155975,52.3798053],[11.8155744,52.3798125],[11.8155814,52.3798709],[11.8155577,52.3800278],[11.8153493,52.3800598]]]}},{"type":"Feature","id":"way/1220328536","properties":{"natural":"grassland","id":"way/1220328536"},"geometry":{"type":"Polygon","coordinates":[[[11.8154352,52.3791589],[11.8151975,52.3790541],[11.8146304,52.3788343],[11.8139951,52.3785729],[11.8134045,52.378333],[11.8132116,52.3782138],[11.8129528,52.3780644],[11.8128328,52.3780687],[11.8127669,52.3781104],[11.812621,52.3780759],[11.8125481,52.3779711],[11.8123975,52.3779122],[11.8122845,52.3778734],[11.812134,52.3777685],[11.8120539,52.3777556],[11.8119434,52.377724],[11.8117151,52.3776034],[11.8116187,52.3775129],[11.8115504,52.3774468],[11.8115481,52.3773563],[11.8116422,52.3772486],[11.811701,52.3771696],[11.8117928,52.3771236],[11.8119363,52.3771452],[11.8119598,52.3772242],[11.8118398,52.377319],[11.8117316,52.3774353],[11.811821,52.3774971],[11.8119928,52.3775919],[11.8121363,52.3776034],[11.8122422,52.3774741],[11.8123222,52.3773764],[11.8124069,52.3773161],[11.8124822,52.377319],[11.8124187,52.3774425],[11.8123292,52.377556],[11.8123471,52.3776128],[11.8125845,52.3777132],[11.8127035,52.3776083],[11.812901,52.3776608],[11.8130634,52.3776579],[11.813134,52.3776881],[11.8131716,52.3777421],[11.8131881,52.3777657],[11.8133081,52.3777843],[11.8134634,52.3777341],[11.813581,52.3776867],[11.8135504,52.3777527],[11.8133034,52.3778763],[11.8131575,52.3779639],[11.8131363,52.3780343],[11.8132798,52.3781463],[11.8134634,52.3782598],[11.8138116,52.3783962],[11.8139269,52.3784264],[11.8144187,52.3786347],[11.8150869,52.378886],[11.8154069,52.3790282],[11.8155176,52.3790804],[11.8154352,52.3791589]]]}},{"type":"Feature","id":"way/1220328537","properties":{"building":"yes","id":"way/1220328537"},"geometry":{"type":"Polygon","coordinates":[[[11.8123471,52.3776128],[11.8124636,52.3775102],[11.8125592,52.3775506],[11.8125617,52.3775483],[11.8127035,52.3776083],[11.8125845,52.3777132],[11.8123471,52.3776128]]]}},{"type":"Feature","id":"way/1220328538","properties":{"building":"yes","id":"way/1220328538"},"geometry":{"type":"Polygon","coordinates":[[[11.815924,52.3794546],[11.8160055,52.3794524],[11.8160108,52.3795255],[11.8159293,52.3795277],[11.815924,52.3794546]]]}},{"type":"Feature","id":"way/1220328539","properties":{"natural":"scrub","id":"way/1220328539"},"geometry":{"type":"Polygon","coordinates":[[[11.8151131,52.3811051],[11.815081,52.3811065],[11.8150422,52.3810994],[11.8149847,52.3810874],[11.8149825,52.3804045],[11.8147165,52.3804008],[11.814716,52.3803653],[11.814668,52.3801581],[11.8148587,52.3801586],[11.8150257,52.3801888],[11.8150422,52.3802261],[11.8150552,52.3802721],[11.8150457,52.3803338],[11.8150622,52.3803726],[11.8150822,52.3804042],[11.8151199,52.3804753],[11.8151104,52.3805651],[11.8150999,52.3805895],[11.8151034,52.3806455],[11.8151657,52.3807791],[11.8151634,52.3808279],[11.8151446,52.3808566],[11.8151469,52.3809629],[11.8151563,52.3810512],[11.8151504,52.3810635],[11.8151131,52.3811051]]]}},{"type":"Feature","id":"way/1220328540","properties":{"building":"yes","id":"way/1220328540"},"geometry":{"type":"Polygon","coordinates":[[[11.8139382,52.3798393],[11.8139374,52.3797835],[11.8139089,52.3797836],[11.8139084,52.3797538],[11.8139438,52.3797536],[11.8139436,52.3797346],[11.8139183,52.3797348],[11.8139179,52.3797134],[11.8139495,52.3797132],[11.8139479,52.3796089],[11.8140218,52.3796085],[11.8140226,52.3796594],[11.8140597,52.3796592],[11.81406,52.3796797],[11.8140242,52.3796799],[11.8140266,52.3798388],[11.8139382,52.3798393]]]}},{"type":"Feature","id":"way/1220328541","properties":{"natural":"grassland","id":"way/1220328541"},"geometry":{"type":"Polygon","coordinates":[[[11.8151266,52.3819205],[11.8151199,52.3818907],[11.8148469,52.381908],[11.8145646,52.3819223],[11.8143787,52.3819008],[11.8140916,52.3819022],[11.8133293,52.3819051],[11.8123551,52.3818936],[11.8106869,52.3819022],[11.8099104,52.3818994],[11.809781,52.3819381],[11.8094963,52.3819783],[11.8092139,52.3819798],[11.8090327,52.3819396],[11.8087316,52.3819353],[11.8082633,52.3819238],[11.8075833,52.3819367],[11.8072469,52.3819367],[11.807068,52.3819783],[11.8067457,52.3819927],[11.8063998,52.3819927],[11.806141,52.3819956],[11.805828,52.3819554],[11.8054398,52.3819467],[11.8052092,52.3819367],[11.804948,52.3819252],[11.8049574,52.3818362],[11.8050115,52.3818634],[11.805181,52.381885],[11.8060845,52.3818663],[11.8064398,52.3818879],[11.8066563,52.3819252],[11.8070186,52.3819223],[11.8072139,52.3818864],[11.8074374,52.3818476],[11.8077621,52.381852],[11.8082304,52.3818362],[11.8086445,52.381852],[11.8092445,52.3818347],[11.8098539,52.3818491],[11.8103198,52.3818419],[11.8116398,52.3818318],[11.8132751,52.3818347],[11.8145057,52.3818232],[11.8148046,52.3818376],[11.815014,52.3818433],[11.8152846,52.3818132],[11.8153128,52.3817687],[11.8153363,52.3816925],[11.8153716,52.3815374],[11.8153952,52.3815029],[11.8153928,52.3819324],[11.8151266,52.3819205]]]}},{"type":"Feature","id":"way/1220328542","properties":{"natural":"wood","id":"way/1220328542"},"geometry":{"type":"Polygon","coordinates":[[[11.8076469,52.3825011],[11.8076374,52.382616],[11.8076188,52.3827341],[11.8071205,52.3827376],[11.807081,52.3827315],[11.8070645,52.3827084],[11.8071189,52.3826632],[11.8071568,52.3826481],[11.8072326,52.382628],[11.8072062,52.3825576],[11.8071387,52.3825214],[11.8070662,52.38245],[11.8070958,52.3823193],[11.8070728,52.3822428],[11.8070003,52.3822368],[11.8065752,52.3822609],[11.8063248,52.3823012],[11.805969,52.382277],[11.8057713,52.3823635],[11.8057614,52.3824279],[11.805656,52.3824962],[11.8055934,52.3825847],[11.8055275,52.3826431],[11.8053562,52.3826109],[11.8052474,52.3827054],[11.8051552,52.3827597],[11.8048751,52.3827718],[11.8047894,52.3827235],[11.8046511,52.3825888],[11.8044501,52.3825023],[11.8043249,52.3824419],[11.8042567,52.3824974],[11.8041027,52.3824591],[11.8040614,52.3823972],[11.804046,52.3823426],[11.8041491,52.382245],[11.8042987,52.3821789],[11.8044139,52.3821233],[11.8044569,52.3820582],[11.8043641,52.3820015],[11.8043004,52.3820047],[11.8041044,52.3820603],[11.80396,52.3821275],[11.8037795,52.3821915],[11.8036625,52.3822314],[11.8035938,52.382266],[11.80358,52.3823153],[11.8035559,52.3823762],[11.8034304,52.3824864],[11.8033823,52.3825315],[11.8030969,52.3826501],[11.8029851,52.3826984],[11.8028768,52.3827236],[11.8027375,52.3827897],[11.802569,52.3828747],[11.8024418,52.3829482],[11.8022028,52.383029],[11.802091,52.3830752],[11.8020772,52.383135],[11.8017695,52.3832651],[11.8012433,52.3835191],[11.8008118,52.383729],[11.8005882,52.3838224],[11.8003767,52.3839085],[11.8002461,52.3839358],[11.8001085,52.3839987],[11.7999263,52.3841142],[11.7997793,52.3842039],[11.7996873,52.3842569],[11.7995583,52.384343],[11.7994483,52.3843996],[11.7993004,52.3842968],[11.7987966,52.3839693],[11.7983736,52.3837206],[11.7982602,52.3836493],[11.7980126,52.3834971],[11.7977546,52.3833449],[11.7975346,52.3832043],[11.7973059,52.3830552],[11.797158,52.3829944],[11.7969512,52.3828709],[11.7963103,52.3824696],[11.7960404,52.3823248],[11.7958358,52.3821821],[11.795712,52.3820876],[11.7953595,52.3818725],[11.7951446,52.3817371],[11.7950271,52.381691],[11.7965899,52.3799702],[11.7967856,52.3800308],[11.7971809,52.3801371],[11.7974844,52.3802232],[11.7977056,52.3803137],[11.7985903,52.3806153],[11.7993856,52.3808652],[11.7996374,52.3809672],[11.8000962,52.3811051],[11.8004186,52.3812487],[11.8006539,52.3813694],[11.800868,52.3815073],[11.8011903,52.3816236],[11.8013997,52.3816739],[11.8018045,52.3817213],[11.8020539,52.3817428],[11.8022939,52.3817916],[11.8023739,52.3818476],[11.8023856,52.3819439],[11.802468,52.3820085],[11.8025974,52.3819956],[11.8025786,52.3818606],[11.8025645,52.3817557],[11.8026327,52.3817012],[11.8028209,52.3816724],[11.8030986,52.3816868],[11.8036892,52.3817457],[11.803908,52.3817442],[11.8042139,52.3817141],[11.8045104,52.3817141],[11.8046115,52.3817428],[11.8046162,52.3818103],[11.8045786,52.3818678],[11.8046468,52.3819381],[11.8047668,52.3819439],[11.8048562,52.381918],[11.804948,52.3819252],[11.8052092,52.3819367],[11.8054398,52.3819467],[11.805828,52.3819554],[11.806141,52.3819956],[11.8063998,52.3819927],[11.8067457,52.3819927],[11.807068,52.3819783],[11.8072469,52.3819367],[11.8075833,52.3819367],[11.8082633,52.3819238],[11.8087316,52.3819353],[11.8090327,52.3819396],[11.8092139,52.3819798],[11.8094963,52.3819783],[11.809781,52.3819381],[11.8099104,52.3818994],[11.8106869,52.3819022],[11.8123551,52.3818936],[11.8133293,52.3819051],[11.8140916,52.3819022],[11.8143787,52.3819008],[11.8145646,52.3819223],[11.8148469,52.381908],[11.8151199,52.3818907],[11.8151266,52.3819205],[11.8151363,52.381964],[11.815134,52.3820444],[11.8151787,52.3820947],[11.8153263,52.382088],[11.8153263,52.3821242],[11.8152868,52.3821704],[11.8151484,52.3821865],[11.8150397,52.382263],[11.8150199,52.3823253],[11.8149507,52.3823997],[11.814842,52.3824339],[11.8147728,52.3824781],[11.8147201,52.3825324],[11.8146476,52.3825807],[11.8144598,52.3826008],[11.8141863,52.3825968],[11.8138733,52.382625],[11.8136229,52.3826189],[11.8133857,52.3826209],[11.8132176,52.3826571],[11.813076,52.3826752],[11.8128321,52.3826873],[11.812562,52.3826793],[11.8123709,52.3826893],[11.8122621,52.3826501],[11.8121369,52.382639],[11.8120134,52.3826662],[11.8118832,52.3826772],[11.8117745,52.3826732],[11.8116855,52.3826943],[11.8115373,52.3826974],[11.8114747,52.3826803],[11.8113989,52.3826541],[11.8112935,52.3826239],[11.8112061,52.3826531],[11.8111435,52.3826581],[11.8110035,52.3826119],[11.8109491,52.3825928],[11.8108635,52.3826079],[11.8107416,52.3826652],[11.8106625,52.3826873],[11.810595,52.3826964],[11.8104187,52.3827024],[11.8102754,52.3827004],[11.8100908,52.3826853],[11.8099706,52.3826571],[11.8100266,52.3825988],[11.8101057,52.3825355],[11.8101304,52.3824892],[11.8100908,52.382453],[11.8099772,52.3824681],[11.8099179,52.3825244],[11.8099162,52.3826008],[11.8098882,52.3826571],[11.8098223,52.3826722],[11.8097597,52.3826692],[11.809623,52.3826491],[11.8093104,52.3824394],[11.8092154,52.382387],[11.8092116,52.3823331],[11.8093386,52.3822914],[11.8094939,52.3823101],[11.8096116,52.3822828],[11.8095786,52.3822225],[11.8095198,52.3821981],[11.8093128,52.3821291],[11.8091433,52.3821335],[11.8090163,52.3821493],[11.8089057,52.3821823],[11.8086845,52.3821837],[11.8085974,52.3821622],[11.8085174,52.3821119],[11.8078516,52.3821177],[11.8073857,52.3821047],[11.807341,52.3821335],[11.8073645,52.3821995],[11.8074069,52.3822771],[11.8074398,52.3824193],[11.8075527,52.3824451],[11.8076469,52.3825011]]]}},{"type":"Feature","id":"way/1220328545","properties":{"natural":"wood","id":"way/1220328545"},"geometry":{"type":"Polygon","coordinates":[[[11.8041121,52.3826017],[11.8040322,52.3826266],[11.8040084,52.3827047],[11.8039987,52.3827879],[11.8039559,52.3828904],[11.8041371,52.3829286],[11.8042063,52.3829689],[11.8041305,52.3830996],[11.8041008,52.3832363],[11.8040712,52.3833188],[11.8040283,52.3835098],[11.8038307,52.3836928],[11.8037186,52.3838336],[11.8037318,52.3840026],[11.8037713,52.3841011],[11.8036857,52.3842097],[11.8035242,52.3843344],[11.803376,52.384453],[11.8034946,52.3845817],[11.8036231,52.3846863],[11.8038109,52.3847225],[11.8039624,52.3846119],[11.8040185,52.3845113],[11.8043018,52.3842016],[11.8042919,52.3841473],[11.8041404,52.3840729],[11.8042458,52.3839442],[11.8043677,52.3839302],[11.8046346,52.3839382],[11.8046642,52.3840247],[11.8045753,52.3841353],[11.8044929,52.38427],[11.8046675,52.3842358],[11.8046873,52.3841936],[11.8050629,52.3839402],[11.8050926,52.3837974],[11.8050432,52.3837793],[11.8048949,52.3837089],[11.804829,52.3836064],[11.8047334,52.383536],[11.8046807,52.383546],[11.8045094,52.3835702],[11.8044633,52.3834897],[11.8045522,52.3833007],[11.804773,52.3831076],[11.8048553,52.3828924],[11.8049674,52.3828743],[11.8051453,52.3829025],[11.8053496,52.3829729],[11.8055802,52.3830413],[11.8057713,52.3830674],[11.8058537,52.3830553],[11.8059361,52.382989],[11.8060283,52.3829769],[11.8062458,52.3830292],[11.8064962,52.3831076],[11.8065884,52.3831277],[11.80674,52.3830996],[11.8069179,52.3830433],[11.8070299,52.382999],[11.8073265,52.3829105],[11.8078899,52.3828965],[11.8088157,52.3829025],[11.809679,52.3828703],[11.8099623,52.3828723],[11.8100381,52.382987],[11.8101534,52.3831076],[11.8102786,52.3831659],[11.8104302,52.3833228],[11.8103511,52.3834274],[11.8103083,52.3834958],[11.8105027,52.3834938],[11.8105488,52.3834555],[11.8106345,52.3832745],[11.8107498,52.3831579],[11.8107795,52.3830775],[11.8107103,52.3829347],[11.8107366,52.3828864],[11.8108421,52.3828401],[11.8110694,52.3828582],[11.8113066,52.3828361],[11.8116724,52.38282],[11.8119557,52.3828361],[11.8122457,52.3828422],[11.8125125,52.3828582],[11.8126377,52.3829146],[11.8126839,52.3830071],[11.8127102,52.3833892],[11.8127036,52.3836758],[11.812723,52.3853342],[11.8127249,52.3856393],[11.8125395,52.3856741],[11.8119829,52.3856707],[11.8117506,52.3856341],[11.8116194,52.3857027],[11.8116381,52.3858525],[11.8116325,52.3860012],[11.8115819,52.3860698],[11.8114788,52.3860939],[11.8111509,52.3860893],[11.8107554,52.3860893],[11.8101989,52.3860847],[11.8100265,52.3860698],[11.8097753,52.3860756],[11.8095917,52.3861076],[11.8092075,52.3860653],[11.8089358,52.386063],[11.8088121,52.3860241],[11.8087877,52.3860298],[11.8087353,52.3860401],[11.8087427,52.3860916],[11.8088383,52.3861591],[11.8088402,52.3861831],[11.8088309,52.3862368],[11.8084545,52.386238],[11.8070141,52.3860427],[11.8067162,52.3859996],[11.8064894,52.3859625],[11.8064752,52.385934],[11.8064712,52.3858249],[11.8057602,52.3857497],[11.8055576,52.3857522],[11.8053948,52.3858758],[11.8053034,52.3859946],[11.8052041,52.3861813],[11.8051705,52.386295],[11.8048109,52.3862976],[11.8043461,52.38634],[11.8040264,52.3863764],[11.8037245,52.3863861],[11.8033194,52.3863837],[11.8030772,52.3863643],[11.802937,52.3863526],[11.8027547,52.3863253],[11.8026034,52.3862928],[11.8023953,52.3862047],[11.802177,52.3860504],[11.8019156,52.3859066],[11.8017849,52.3858174],[11.8017299,52.3857639],[11.8015098,52.3856527],[11.8013671,52.3855792],[11.8008633,52.3852654],[11.8004696,52.3850324],[11.7999641,52.3847229],[11.7997853,52.3846127],[11.7995686,52.3844783],[11.7995031,52.3844355],[11.7995342,52.3844154],[11.7996666,52.3843325],[11.7998661,52.3842286],[11.8001085,52.3841645],[11.8002254,52.3841278],[11.800332,52.3840365],[11.8006501,52.3838791],[11.8008805,52.3837815],[11.8010714,52.3836954],[11.8014686,52.3835254],[11.8018778,52.383304],[11.8024022,52.3830752],[11.8026584,52.3829419],[11.8028149,52.3828758],[11.8029524,52.3828443],[11.8030573,52.3827645],[11.8033359,52.3826155],[11.8034425,52.3825546],[11.8035439,52.3825452],[11.8036849,52.3825473],[11.803776,52.3825315],[11.803862,52.3825064],[11.8040013,52.3825315],[11.8041121,52.3826017]]]}},{"type":"Feature","id":"way/1220333581","properties":{"natural":"grassland","id":"way/1220333581"},"geometry":{"type":"Polygon","coordinates":[[[11.8195304,52.3754561],[11.8195713,52.375466],[11.8196061,52.3754991],[11.8194864,52.3757072],[11.819469,52.3757234],[11.8194311,52.3757322],[11.8193564,52.3757328],[11.8193431,52.3757522],[11.8193983,52.3757759],[11.8194209,52.3758028],[11.8193062,52.3759834],[11.8192704,52.3760509],[11.8192571,52.3760584],[11.8192151,52.376059],[11.8191435,52.3760403],[11.8190462,52.3760153],[11.8190176,52.3760021],[11.8190266,52.3759768],[11.8191356,52.3760033],[11.8192249,52.3758662],[11.817789,52.3755173],[11.8176996,52.3756544],[11.8176817,52.3756778],[11.8176572,52.3756659],[11.8176408,52.3756472],[11.8176387,52.3756128],[11.8176449,52.3755678],[11.8176858,52.3755153],[11.8176357,52.3754935],[11.8175927,52.3755272],[11.8175568,52.375566],[11.8175599,52.3756053],[11.8175916,52.3756534],[11.81765,52.3757047],[11.8177114,52.3757303],[11.8180553,52.375814],[11.8188077,52.3759921],[11.8191046,52.3760659],[11.8191824,52.3760927],[11.8192223,52.3761146],[11.8192223,52.3761371],[11.8191967,52.376184],[11.8191343,52.3762952],[11.8188877,52.3766705],[11.8186365,52.3770458],[11.8184589,52.3773396],[11.818399,52.377423],[11.8183549,52.3774371],[11.818294,52.377441],[11.8183252,52.3774312],[11.8183624,52.377416],[11.8184121,52.3773662],[11.8184795,52.3772601],[11.8184866,52.3772308],[11.818444,52.3771929],[11.8183447,52.3771561],[11.8183464,52.3770814],[11.8183819,52.3770196],[11.8184458,52.3769449],[11.8184706,52.3768626],[11.8185363,52.3767207],[11.8186214,52.3767023],[11.818648,52.3766785],[11.8187226,52.3766471],[11.8188197,52.3766706],[11.8188978,52.3766464],[11.819104,52.3762647],[11.8191243,52.3762003],[11.8190832,52.3761514],[11.8190211,52.3761005],[11.8188511,52.3760364],[11.8176545,52.3757568],[11.8175339,52.3757005],[11.8174789,52.3756474],[11.8174807,52.3755651],[11.817564,52.3754773],[11.8177344,52.3754145],[11.8178532,52.3754026],[11.8179739,52.3753701],[11.8179987,52.375316],[11.8180324,52.3752315],[11.8181105,52.3751914],[11.8181616,52.375118],[11.8182171,52.3751323],[11.8184402,52.3751829],[11.8186828,52.375251],[11.8186446,52.3753243],[11.8185564,52.3753026],[11.8184545,52.3754572],[11.8193485,52.3756771],[11.8194505,52.3755225],[11.8194312,52.3755177],[11.8194485,52.375501],[11.8194843,52.3754928],[11.819512,52.3754728],[11.8195304,52.3754561]]]}},{"type":"Feature","id":"way/1220333582","properties":{"natural":"wood","id":"way/1220333582"},"geometry":{"type":"Polygon","coordinates":[[[11.818294,52.377441],[11.8171999,52.3771753],[11.8172642,52.3771442],[11.8174398,52.3771659],[11.8175977,52.3771919],[11.8177539,52.3772189],[11.8179029,52.3772287],[11.8179827,52.3772005],[11.8180377,52.3771009],[11.818075,52.3770521],[11.8180448,52.3770337],[11.8176102,52.3769352],[11.8172837,52.3768615],[11.8170726,52.3768149],[11.8169253,52.376776],[11.8168384,52.3766666],[11.8169307,52.3765312],[11.8168828,52.3764759],[11.8167568,52.3764164],[11.8166983,52.3764619],[11.8165883,52.3765139],[11.8165226,52.3764554],[11.8163399,52.3763709],[11.8162955,52.3763806],[11.8162228,52.37649],[11.8162387,52.3765518],[11.8163008,52.3766427],[11.8163807,52.3767359],[11.8164694,52.3768084],[11.8165953,52.376842],[11.8167586,52.3768626],[11.8170442,52.3769265],[11.8171347,52.3769687],[11.8172003,52.3770131],[11.8172003,52.3770651],[11.8171489,52.3771182],[11.8170752,52.3771437],[11.8160493,52.3768952],[11.8159505,52.3768536],[11.8158516,52.3767932],[11.8157975,52.3767372],[11.8157669,52.3766841],[11.8157669,52.3766395],[11.8158775,52.3764887],[11.8160234,52.3762833],[11.8167646,52.375183],[11.8169628,52.3748822],[11.8170282,52.3748665],[11.8170939,52.3748676],[11.8177432,52.3750246],[11.8181616,52.375118],[11.8181105,52.3751914],[11.8180324,52.3752315],[11.8179987,52.375316],[11.8179739,52.3753701],[11.8178532,52.3754026],[11.8177344,52.3754145],[11.817564,52.3754773],[11.8174807,52.3755651],[11.8174789,52.3756474],[11.8175339,52.3757005],[11.8176545,52.3757568],[11.8188511,52.3760364],[11.8190211,52.3761005],[11.8190832,52.3761514],[11.8191243,52.3762003],[11.819104,52.3762647],[11.8188978,52.3766464],[11.8188197,52.3766706],[11.8187226,52.3766471],[11.818648,52.3766785],[11.8186214,52.3767023],[11.8185363,52.3767207],[11.8184706,52.3768626],[11.8184458,52.3769449],[11.8183819,52.3770196],[11.8183464,52.3770814],[11.8183447,52.3771561],[11.818444,52.3771929],[11.8184866,52.3772308],[11.8184795,52.3772601],[11.8184121,52.3773662],[11.8183624,52.377416],[11.8183252,52.3774312],[11.818294,52.377441]]]}},{"type":"Feature","id":"way/1220333583","properties":{"natural":"grassland","id":"way/1220333583"},"geometry":{"type":"Polygon","coordinates":[[[11.8171999,52.3771753],[11.8170752,52.3771437],[11.8171489,52.3771182],[11.8172003,52.3770651],[11.8172003,52.3770131],[11.8171347,52.3769687],[11.8170442,52.3769265],[11.8167586,52.3768626],[11.8165953,52.376842],[11.8164694,52.3768084],[11.8163807,52.3767359],[11.8163008,52.3766427],[11.8162387,52.3765518],[11.8162228,52.37649],[11.8162955,52.3763806],[11.8163399,52.3763709],[11.8165226,52.3764554],[11.8165883,52.3765139],[11.8166983,52.3764619],[11.8167568,52.3764164],[11.8168828,52.3764759],[11.8169307,52.3765312],[11.8168384,52.3766666],[11.8169253,52.376776],[11.8170726,52.3768149],[11.8172837,52.3768615],[11.8176102,52.3769352],[11.8180448,52.3770337],[11.818075,52.3770521],[11.8180377,52.3771009],[11.8179827,52.3772005],[11.8179029,52.3772287],[11.8177539,52.3772189],[11.8175977,52.3771919],[11.8174398,52.3771659],[11.8172642,52.3771442],[11.8171999,52.3771753]]]}},{"type":"Feature","id":"way/1220333585","properties":{"natural":"wood","id":"way/1220333585"},"geometry":{"type":"Polygon","coordinates":[[[11.815894,52.3761842],[11.8156493,52.3765792],[11.8156093,52.3767473],[11.8155999,52.3767904],[11.8154657,52.3767631],[11.8141834,52.3764384],[11.8121834,52.3759486],[11.809768,52.3753611],[11.8086973,52.3750812],[11.8086992,52.3749736],[11.8091439,52.3750319],[11.8093509,52.374719],[11.8092856,52.3746804],[11.8093881,52.3745255],[11.8094779,52.374527],[11.809643,52.3742773],[11.8096647,52.3741235],[11.8100426,52.3741211],[11.8103597,52.373988],[11.8103751,52.3739],[11.8106114,52.3738171],[11.8106831,52.3735943],[11.8108504,52.3735945],[11.8110027,52.3736536],[11.811146,52.3735437],[11.8115173,52.3733808],[11.8118206,52.3732232],[11.812057,52.3730035],[11.8122093,52.3727868],[11.8135699,52.3727196],[11.8136093,52.3727079],[11.8136704,52.3726792],[11.8137622,52.3726684],[11.813781,52.3727395],[11.8138987,52.3728875],[11.8140093,52.372978],[11.8145457,52.373363],[11.8151199,52.3737149],[11.8156916,52.373985],[11.8161199,52.3741746],[11.8162493,52.3743096],[11.816334,52.3743829],[11.8164916,52.3744375],[11.8167034,52.3746501],[11.816774,52.3747679],[11.8167246,52.3749632],[11.8162022,52.3757159],[11.815894,52.3761842]]]}},{"type":"Feature","id":"way/1220333586","properties":{"natural":"grassland","id":"way/1220333586"},"geometry":{"type":"Polygon","coordinates":[[[11.8159834,52.3769455],[11.8156869,52.3769354],[11.815294,52.3768952],[11.8151246,52.3768794],[11.8149834,52.3768234],[11.8149599,52.3767717],[11.8148681,52.3767789],[11.8148916,52.3767214],[11.8149434,52.3767013],[11.8150281,52.3767142],[11.8159834,52.3769455]]]}},{"type":"Feature","id":"way/1220333587","properties":{"natural":"wood","id":"way/1220333587"},"geometry":{"type":"Polygon","coordinates":[[[11.8195807,52.3779605],[11.8196587,52.3778382],[11.8199481,52.3779079],[11.8199399,52.3779581],[11.8199258,52.3780242],[11.8199011,52.3780608],[11.8197105,52.3779665],[11.8195807,52.3779605]]]}},{"type":"Feature","id":"way/1220333589","properties":{"natural":"wood","id":"way/1220333589"},"geometry":{"type":"Polygon","coordinates":[[[11.8169928,52.3820114],[11.8171011,52.3819625],[11.8171458,52.3818764],[11.8172587,52.3817988],[11.8166305,52.3818017],[11.8164634,52.3818362],[11.815534,52.3818362],[11.8154752,52.3817902],[11.8154681,52.3814728],[11.8154469,52.3813177],[11.8157834,52.3813349],[11.8161528,52.3813407],[11.8162799,52.3813737],[11.8164587,52.3813249],[11.8165646,52.3813076],[11.8167881,52.3813493],[11.8169034,52.3813823],[11.8169999,52.381401],[11.8172516,52.3813823],[11.8175693,52.3813809],[11.8177622,52.3813837],[11.8179552,52.3813292],[11.8180705,52.3813033],[11.8180022,52.3811683],[11.8179716,52.3811252],[11.8179081,52.3810951],[11.8178046,52.3810936],[11.8176745,52.381062],[11.8176746,52.3809055],[11.8176987,52.3808279],[11.8178422,52.3806872],[11.8180046,52.3805536],[11.8182341,52.3803825],[11.8184392,52.3804575],[11.8186849,52.3805487],[11.818906,52.3806661],[11.8190718,52.3807324],[11.8191215,52.380776],[11.8192129,52.3809285],[11.8191733,52.3810215],[11.8192982,52.3810755],[11.8192738,52.3812912],[11.8193104,52.3813414],[11.8194688,52.3812484],[11.8196212,52.381268],[11.8197736,52.3811833],[11.8199625,52.3811052],[11.8200539,52.3809918],[11.8198314,52.3808783],[11.8195237,52.3808764],[11.8193226,52.3807276],[11.8187422,52.3805024],[11.8184863,52.3803862],[11.8184022,52.3803468],[11.8195717,52.3802994],[11.8208587,52.3802807],[11.8210838,52.3802936],[11.8210857,52.380471],[11.821089,52.381915],[11.8211088,52.3824279],[11.821033,52.3825385],[11.820921,52.3826109],[11.8208353,52.3826591],[11.8207134,52.382686],[11.8186283,52.3826887],[11.8175009,52.3826893],[11.8173922,52.3826551],[11.8173098,52.3826149],[11.8172835,52.3825204],[11.8172736,52.38246],[11.8172498,52.3822994],[11.8172047,52.3821682],[11.817129,52.3820683],[11.8169928,52.3820114]]]}},{"type":"Feature","id":"way/1220333590","properties":{"natural":"wood","id":"way/1220333590"},"geometry":{"type":"Polygon","coordinates":[[[11.813134,52.3776881],[11.8130634,52.3776579],[11.812901,52.3776608],[11.8127035,52.3776083],[11.8125845,52.3777132],[11.8123471,52.3776128],[11.8123292,52.377556],[11.8124187,52.3774425],[11.8124822,52.377319],[11.8124069,52.3773161],[11.8123222,52.3773764],[11.8122422,52.3774741],[11.8121363,52.3776034],[11.8119928,52.3775919],[11.811821,52.3774971],[11.8117316,52.3774353],[11.8118398,52.377319],[11.8119598,52.3772242],[11.8119363,52.3771452],[11.8117928,52.3771236],[11.811701,52.3771696],[11.8116422,52.3772486],[11.8115481,52.3773563],[11.8115504,52.3774468],[11.8116187,52.3775129],[11.8117151,52.3776034],[11.8119434,52.377724],[11.8120539,52.3777556],[11.812134,52.3777685],[11.8122845,52.3778734],[11.8123975,52.3779122],[11.8125481,52.3779711],[11.812621,52.3780759],[11.8127669,52.3781104],[11.8128328,52.3780687],[11.8129528,52.3780644],[11.8132116,52.3782138],[11.8134045,52.378333],[11.8139951,52.3785729],[11.8146304,52.3788343],[11.8151975,52.3790541],[11.8154352,52.3791589],[11.8153756,52.3793255],[11.8143873,52.3792892],[11.8143517,52.3794412],[11.8143873,52.3801605],[11.814668,52.3801581],[11.814716,52.3803653],[11.8147165,52.3804008],[11.8147165,52.380825],[11.8146704,52.38095],[11.814665,52.3811192],[11.8146483,52.3811887],[11.8148222,52.3812032],[11.8149369,52.3812732],[11.8153299,52.381266],[11.8153504,52.3812846],[11.8153693,52.381345],[11.8153952,52.3815029],[11.8153716,52.3815374],[11.8153363,52.3816925],[11.8153128,52.3817687],[11.8152846,52.3818132],[11.815014,52.3818433],[11.8148046,52.3818376],[11.8145057,52.3818232],[11.8132751,52.3818347],[11.8116398,52.3818318],[11.8103198,52.3818419],[11.8098539,52.3818491],[11.8092445,52.3818347],[11.8086445,52.381852],[11.8082304,52.3818362],[11.8077621,52.381852],[11.8074374,52.3818476],[11.8072139,52.3818864],[11.8070186,52.3819223],[11.8066563,52.3819252],[11.8064398,52.3818879],[11.8060845,52.3818663],[11.805181,52.381885],[11.8050115,52.3818634],[11.8049574,52.3818362],[11.8050774,52.381773],[11.8053362,52.3817744],[11.805468,52.3817514],[11.8056821,52.3816925],[11.8057174,52.3816423],[11.805701,52.3815719],[11.8056045,52.3815015],[11.8055786,52.3814943],[11.8053527,52.3815561],[11.8053315,52.3815044],[11.8054092,52.3813435],[11.8055833,52.3809428],[11.8057833,52.3807475],[11.8059598,52.3805564],[11.8060586,52.380295],[11.8062798,52.3799388],[11.8064092,52.3797306],[11.8065739,52.3794246],[11.8067339,52.3791963],[11.8068539,52.3790225],[11.806901,52.378932],[11.8070327,52.3790139],[11.8070868,52.3790943],[11.8071904,52.3791043],[11.8073551,52.3790167],[11.8073833,52.3789205],[11.8073339,52.3788573],[11.807221,52.3788271],[11.8071101,52.37878],[11.8070942,52.3785956],[11.8078014,52.3775858],[11.808161,52.3774395],[11.8085326,52.3775785],[11.8087603,52.3775346],[11.8087543,52.3773956],[11.8085625,52.3774175],[11.8084007,52.377326],[11.8084667,52.3771029],[11.8086225,52.3769419],[11.8088622,52.3770041],[11.8089281,52.3771468],[11.8088562,52.3772748],[11.8091499,52.3772602],[11.8091739,52.3771541],[11.8094735,52.3771504],[11.8095934,52.3773334],[11.8097912,52.3773956],[11.809923,52.3773553],[11.809947,52.3771614],[11.8097372,52.3770809],[11.8098031,52.3768797],[11.8092997,52.3766163],[11.8088682,52.376426],[11.8087304,52.3764809],[11.8087304,52.3763858],[11.8088442,52.3763016],[11.8091259,52.376265],[11.8095394,52.3756248],[11.809828,52.3756197],[11.8104586,52.3757059],[11.8112492,52.3759098],[11.8131316,52.3763465],[11.8141622,52.3765792],[11.8147622,52.3767042],[11.8145269,52.3769527],[11.8143857,52.3770633],[11.814181,52.3771997],[11.8137198,52.3774425],[11.8133951,52.3775962],[11.8131928,52.3776737],[11.813134,52.3776881]]]}},{"type":"Feature","id":"way/1220333591","properties":{"natural":"grassland","id":"way/1220333591"},"geometry":{"type":"Polygon","coordinates":[[[11.8092154,52.382387],[11.809141,52.382346],[11.8089927,52.3822843],[11.8089904,52.3822182],[11.8078586,52.3822282],[11.8078492,52.3822742],[11.8077692,52.3823187],[11.8076798,52.3823992],[11.8076469,52.3825011],[11.8075527,52.3824451],[11.8074398,52.3824193],[11.8074069,52.3822771],[11.8073645,52.3821995],[11.807341,52.3821335],[11.8073857,52.3821047],[11.8078516,52.3821177],[11.8085174,52.3821119],[11.8085974,52.3821622],[11.8086845,52.3821837],[11.8089057,52.3821823],[11.8090163,52.3821493],[11.8091433,52.3821335],[11.8093128,52.3821291],[11.8095198,52.3821981],[11.8095786,52.3822225],[11.8096116,52.3822828],[11.8094939,52.3823101],[11.8093386,52.3822914],[11.8092116,52.3823331],[11.8092154,52.382387]]]}},{"type":"Feature","id":"way/1220333593","properties":{"natural":"wood","id":"way/1220333593"},"geometry":{"type":"Polygon","coordinates":[[[11.809534,52.3826561],[11.809674,52.3827255],[11.807824,52.3827326],[11.807694,52.3827335],[11.8076916,52.3826562],[11.8076986,52.3825428],[11.8077457,52.3824408],[11.807828,52.3823819],[11.8079292,52.3823561],[11.8079857,52.3823805],[11.8079888,52.3824182],[11.8079888,52.3824547],[11.8079947,52.3824547],[11.8079947,52.3824826],[11.8080133,52.3824826],[11.8080133,52.3824925],[11.8084727,52.3824925],[11.8085551,52.3825255],[11.8086963,52.3825758],[11.8088469,52.3825974],[11.8089245,52.3825744],[11.8088924,52.3824756],[11.8088919,52.3824199],[11.8087011,52.3824205],[11.8087127,52.3823661],[11.8088257,52.3823374],[11.8089904,52.3823532],[11.8091457,52.3824394],[11.809534,52.3826561]]]}},{"type":"Feature","id":"way/1220342316","properties":{"natural":"wood","id":"way/1220342316"},"geometry":{"type":"Polygon","coordinates":[[[11.8171286,52.3824741],[11.8171023,52.3826089],[11.8170858,52.3826672],[11.8169902,52.3826974],[11.8153823,52.3827134],[11.8153033,52.3826752],[11.815211,52.3826169],[11.8151847,52.3825244],[11.8152044,52.3824299],[11.815244,52.3823233],[11.8153593,52.382275],[11.8154548,52.3822529],[11.8154614,52.3822167],[11.8154779,52.3821182],[11.8155457,52.3821162],[11.8158446,52.3821148],[11.8160916,52.3821119],[11.8164469,52.3821004],[11.8168258,52.3820415],[11.8169242,52.3820695],[11.8170348,52.382157],[11.8171167,52.3822757],[11.817129,52.3823944],[11.8171286,52.3824741]]]}},{"type":"Feature","id":"way/1220342317","properties":{"natural":"grassland","id":"way/1220342317"},"geometry":{"type":"Polygon","coordinates":[[[11.8241212,52.3793251],[11.8240603,52.3793328],[11.8240141,52.3793534],[11.8239552,52.379397],[11.8237934,52.3793854],[11.8236189,52.3793688],[11.8234907,52.3793418],[11.8233982,52.3792764],[11.8233814,52.3792186],[11.8233162,52.3791763],[11.8231977,52.3791066],[11.8239693,52.379296],[11.8240586,52.3791606],[11.8239114,52.3791244],[11.8240517,52.378907],[11.8243054,52.3789644],[11.824323,52.3789816],[11.8243271,52.3789984],[11.8242821,52.3790872],[11.8241212,52.3793251]]]}},{"type":"Feature","id":"way/1220342318","properties":{"natural":"grassland","id":"way/1220342318"},"geometry":{"type":"Polygon","coordinates":[[[11.8238728,52.379115],[11.8234628,52.3790143],[11.8236096,52.3787993],[11.8240132,52.3788976],[11.8238728,52.379115]]]}},{"type":"Feature","id":"way/1220342319","properties":{"natural":"grassland","id":"way/1220342319"},"geometry":{"type":"Polygon","coordinates":[[[11.8234307,52.3790064],[11.823287,52.3789711],[11.8232952,52.3789505],[11.8233331,52.378921],[11.8234276,52.3788786],[11.8235222,52.3788337],[11.823551,52.378785],[11.8235791,52.3787919],[11.8234307,52.3790064]]]}},{"type":"Feature","id":"way/1220342320","properties":{"natural":"wood","id":"way/1220342320"},"geometry":{"type":"Polygon","coordinates":[[[11.8304628,52.3800044],[11.8304678,52.3800748],[11.8304678,52.3801231],[11.8304085,52.3802367],[11.8303913,52.380478],[11.8303554,52.3805839],[11.830184,52.3805669],[11.8300683,52.3806946],[11.8302398,52.3808005],[11.8302238,52.3809198],[11.830124,52.3810851],[11.8300336,52.3811851],[11.8299517,52.3812679],[11.8298274,52.3813696],[11.8297723,52.3814102],[11.8296889,52.3814248],[11.8294629,52.3814265],[11.8288584,52.3814265],[11.8286239,52.3814197],[11.8285674,52.3813921],[11.8285477,52.3813627],[11.8284971,52.3811126],[11.8284378,52.3809414],[11.8283149,52.380619],[11.8282678,52.3805128],[11.8282924,52.3805066],[11.8284582,52.380579],[11.8285358,52.3806103],[11.8285358,52.3806348],[11.8285611,52.3806867],[11.8286759,52.3806867],[11.8288229,52.3806558],[11.828878,52.3806026],[11.8288321,52.3804932],[11.8288941,52.3803502],[11.8287609,52.3802998],[11.8287747,52.380196],[11.8285864,52.3802255],[11.8284876,52.3803152],[11.8285611,52.3804133],[11.8285358,52.3805353],[11.8284869,52.3805147],[11.8283968,52.3804741],[11.8283477,52.3804447],[11.8283265,52.3804095],[11.8284327,52.3803117],[11.8283193,52.3802659],[11.8282132,52.3803637],[11.8281982,52.3804153],[11.8281624,52.3804378],[11.8281276,52.3804397],[11.828016,52.3804078],[11.8278891,52.3803403],[11.8278379,52.3803253],[11.8277908,52.3803703],[11.8278052,52.3804241],[11.8279219,52.3804716],[11.8280365,52.3804916],[11.8281041,52.3805003],[11.8282023,52.380589],[11.8282658,52.380814],[11.8282064,52.3808914],[11.828014,52.3808427],[11.8279116,52.3807665],[11.8278135,52.3807164],[11.8277253,52.3806728],[11.8276158,52.3806321],[11.8275922,52.3806134],[11.8275697,52.3805628],[11.827537,52.3805478],[11.8274909,52.3805684],[11.8274315,52.3806046],[11.8273783,52.3806059],[11.8273179,52.3805984],[11.8272125,52.3805628],[11.8271695,52.3805272],[11.8271582,52.3804647],[11.8271378,52.3804085],[11.8270917,52.3803403],[11.827017,52.3803066],[11.8269484,52.380306],[11.8268,52.3802754],[11.8265502,52.3801223],[11.8265047,52.380139],[11.8264089,52.3800654],[11.8263506,52.3800042],[11.8262544,52.3798199],[11.826151,52.379698],[11.826107,52.3796468],[11.8260456,52.3796155],[11.8260005,52.3796043],[11.8260046,52.3795693],[11.8257876,52.3795106],[11.8256852,52.3794831],[11.8256463,52.3794568],[11.8256719,52.379395],[11.8257372,52.3793132],[11.8263599,52.3795253],[11.826781,52.3797855],[11.8267921,52.379889],[11.8268885,52.379954],[11.8270607,52.3799391],[11.8270381,52.3800412],[11.8268394,52.3801129],[11.8268695,52.380169],[11.8270057,52.3801892],[11.827133,52.380248],[11.8272324,52.3800163],[11.8277654,52.3796496],[11.8280774,52.3794705],[11.8282228,52.3794246],[11.8284244,52.3794817],[11.8285794,52.3794839],[11.8285427,52.3795878],[11.8283536,52.3797002],[11.8285881,52.3797595],[11.8286269,52.3798705],[11.8287996,52.3798341],[11.8289386,52.3797291],[11.8289152,52.379603],[11.8286937,52.3795962],[11.8287388,52.3794818],[11.8285914,52.3794183],[11.8284198,52.3793419],[11.8280878,52.379285],[11.8278196,52.3791367],[11.8274944,52.3789796],[11.8270336,52.3790237],[11.8268236,52.3790815],[11.8266135,52.3791781],[11.8262612,52.3792305],[11.8258316,52.3791441],[11.8264048,52.3782471],[11.826456,52.3782146],[11.8265256,52.3782271],[11.8267263,52.3783033],[11.8271275,52.378512],[11.8276004,52.3787357],[11.8291359,52.3794256],[11.8300919,52.3798417],[11.8304628,52.3800044]]]}},{"type":"Feature","id":"way/1220342321","properties":{"natural":"wood","id":"way/1220342321"},"geometry":{"type":"Polygon","coordinates":[[[11.8256238,52.379305],[11.825545,52.3794456],[11.8255051,52.3794468],[11.8244303,52.3791931],[11.8243023,52.3791569],[11.8242952,52.3791438],[11.8243453,52.37907],[11.8244026,52.378995],[11.8245695,52.3790213],[11.825328,52.3792106],[11.8255317,52.3792581],[11.8256033,52.3792787],[11.8256238,52.379305]]]}},{"type":"Feature","id":"way/1220342322","properties":{"natural":"wood","id":"way/1220342322"},"geometry":{"type":"Polygon","coordinates":[[[11.8265047,52.380139],[11.8264704,52.3801516],[11.8264589,52.3801897],[11.826317,52.3802651],[11.8265521,52.3804301],[11.8265308,52.3804414],[11.8269134,52.38071],[11.8270946,52.3806138],[11.8270592,52.380589],[11.8270682,52.3805672],[11.8270876,52.3805634],[11.8271449,52.380599],[11.8272585,52.3806371],[11.8273681,52.3806571],[11.8273046,52.3806571],[11.8272483,52.380694],[11.8272483,52.380709],[11.8272918,52.3807126],[11.8271169,52.3808055],[11.8270509,52.3808971],[11.8268092,52.3808536],[11.8266035,52.3808866],[11.8264585,52.3808737],[11.8263921,52.3808503],[11.8263114,52.3807313],[11.8262118,52.3807308],[11.826139,52.3807724],[11.8260991,52.3808737],[11.8259999,52.3809013],[11.8257535,52.3809138],[11.8256816,52.3808428],[11.8256713,52.3807258],[11.8256367,52.3806736],[11.8255484,52.3806454],[11.8251701,52.3806402],[11.8246262,52.3806583],[11.8245059,52.38073],[11.824223,52.380646],[11.8242582,52.380587],[11.8240882,52.3804847],[11.8240033,52.3803557],[11.8242306,52.3801819],[11.8242857,52.3799997],[11.8239481,52.3799492],[11.8238931,52.3799739],[11.8238207,52.3799192],[11.8238407,52.379863],[11.823897,52.3797886],[11.8239154,52.3797842],[11.8239462,52.379796],[11.8239281,52.3798237],[11.8241906,52.3798879],[11.8243208,52.3796897],[11.8245496,52.3797457],[11.8244191,52.3799443],[11.8246813,52.3800085],[11.8248145,52.3798058],[11.8248102,52.3798048],[11.8248772,52.3797028],[11.8250435,52.3797419],[11.8251399,52.3796312],[11.8250595,52.3795835],[11.8241601,52.3793813],[11.8241887,52.3793193],[11.8242348,52.37925],[11.8242685,52.3792281],[11.8243197,52.3792087],[11.8246299,52.3792725],[11.8254539,52.3794706],[11.8256197,52.3795074],[11.82576,52.3795512],[11.8257961,52.3795876],[11.8253505,52.3794777],[11.8252639,52.3796086],[11.8258983,52.379765],[11.8259849,52.3796341],[11.8259852,52.3796174],[11.8260005,52.3796043],[11.8260456,52.3796155],[11.826107,52.3796468],[11.826151,52.379698],[11.8262544,52.3798199],[11.8263506,52.3800042],[11.8264089,52.3800654],[11.8265047,52.380139]]]}},{"type":"Feature","id":"way/1220342323","properties":{"building":"yes","id":"way/1220342323"},"geometry":{"type":"Polygon","coordinates":[[[11.8263076,52.3803335],[11.8263767,52.3803807],[11.8263018,52.3804215],[11.8262328,52.3803743],[11.8263076,52.3803335]]]}},{"type":"Feature","id":"way/1220342324","properties":{"natural":"wood","id":"way/1220342324"},"geometry":{"type":"Polygon","coordinates":[[[11.8278663,52.3808369],[11.8279464,52.3808827],[11.8282248,52.3809727],[11.8283374,52.3810252],[11.8284316,52.3811326],[11.8284531,52.3813536],[11.8284447,52.3814331],[11.8284384,52.3815024],[11.8283943,52.3815409],[11.8282387,52.3815332],[11.8280955,52.3815332],[11.8281191,52.3814096],[11.828016,52.3813069],[11.8280643,52.3811579],[11.8281317,52.3811076],[11.8280797,52.3810675],[11.8278579,52.3809439],[11.8277745,52.3808989],[11.8277704,52.3808127],[11.8277233,52.3807652],[11.8277041,52.3807599],[11.8276244,52.3807781],[11.8276915,52.3808272],[11.8277049,52.380896],[11.8276164,52.3809091],[11.827493,52.380819],[11.8274367,52.3807044],[11.8272918,52.3807126],[11.8272483,52.380709],[11.8272483,52.380694],[11.8273046,52.3806571],[11.8273681,52.3806571],[11.8274715,52.3806646],[11.827583,52.3806878],[11.827713,52.3807221],[11.8277633,52.3807463],[11.827796,52.3807671],[11.8278313,52.3808052],[11.8278663,52.3808369]]]}},{"type":"Feature","id":"way/1220342325","properties":{"natural":"wood","id":"way/1220342325"},"geometry":{"type":"Polygon","coordinates":[[[11.8270746,52.3817946],[11.8269448,52.3816557],[11.8271295,52.3815603],[11.8280483,52.381605],[11.8281715,52.3815986],[11.8283228,52.3816101],[11.8284153,52.381632],[11.8284552,52.3816653],[11.8284868,52.3817218],[11.8285078,52.3817898],[11.8284889,52.3819822],[11.8284805,52.3820587],[11.8284306,52.382059],[11.8280882,52.3820819],[11.8276363,52.3820443],[11.827349,52.3821046],[11.8273473,52.3817941],[11.8270746,52.3817946]]]}},{"type":"Feature","id":"way/1220342326","properties":{"building":"yes","id":"way/1220342326"},"geometry":{"type":"Polygon","coordinates":[[[11.8258138,52.3813315],[11.8259026,52.3813294],[11.8259057,52.381377],[11.8258169,52.3813792],[11.8258138,52.3813315]]]}},{"type":"Feature","id":"way/1220342328","properties":{"natural":"grassland","id":"way/1220342328"},"geometry":{"type":"Polygon","coordinates":[[[11.8229214,52.3798938],[11.8229134,52.3798154],[11.8228309,52.3798129],[11.8228307,52.3797922],[11.8228538,52.3797331],[11.8229358,52.3796728],[11.8229757,52.3796587],[11.8231229,52.3796818],[11.8231376,52.3797588],[11.8231166,52.3798371],[11.8229214,52.3798938]]]}},{"type":"Feature","id":"way/1220342329","properties":{"natural":"wood","id":"way/1220342329"},"geometry":{"type":"Polygon","coordinates":[[[11.8228309,52.3798129],[11.8225394,52.3798042],[11.8223857,52.3796585],[11.8223865,52.3795151],[11.8224356,52.3794856],[11.822588,52.3794937],[11.8228796,52.3794965],[11.8230564,52.3794376],[11.8230817,52.3793661],[11.822875,52.3792736],[11.8224915,52.3792708],[11.8224338,52.3792045],[11.8223823,52.3791897],[11.8223844,52.3790462],[11.8216237,52.3790449],[11.8216223,52.3791889],[11.8217363,52.3791888],[11.8217819,52.3793297],[11.821713,52.3794264],[11.8216663,52.3794149],[11.8215843,52.3794226],[11.8215476,52.3794849],[11.8215307,52.3795606],[11.8215486,52.3796517],[11.8215875,52.3797338],[11.8216138,52.3797787],[11.8216894,52.3798082],[11.8217462,52.3798223],[11.821887,52.3798223],[11.8219248,52.3798197],[11.8220446,52.3798005],[11.8220888,52.3797736],[11.8221277,52.3797299],[11.8222012,52.3796902],[11.8222412,52.3796863],[11.8222601,52.3797267],[11.8222695,52.3797774],[11.8222584,52.3798318],[11.8222527,52.3798595],[11.8221487,52.3798967],[11.8220699,52.3798999],[11.8219501,52.3799083],[11.8218923,52.379914],[11.8218702,52.3799468],[11.8219091,52.3799885],[11.8219973,52.3800449],[11.8220289,52.3800321],[11.8220383,52.3800141],[11.8220562,52.3799743],[11.8221203,52.3799583],[11.8221508,52.3799718],[11.8221707,52.3800096],[11.8221256,52.3800571],[11.8220928,52.3800851],[11.8219606,52.3800901],[11.8218923,52.3800853],[11.8217252,52.3800872],[11.8213027,52.380084],[11.8213174,52.3800269],[11.8213237,52.3796869],[11.821309,52.3794303],[11.8213384,52.3792931],[11.8213195,52.3791648],[11.8213216,52.3791173],[11.8213889,52.3790275],[11.8214351,52.3789839],[11.8213426,52.3789659],[11.8213258,52.3788953],[11.8213069,52.3788171],[11.8212943,52.3787381],[11.8213177,52.3786732],[11.8213402,52.37861],[11.8213085,52.3784631],[11.82147,52.3785003],[11.8214731,52.3785914],[11.8216193,52.3786156],[11.8216559,52.378517],[11.8217412,52.3785319],[11.8217839,52.3786193],[11.8220855,52.3786267],[11.82218,52.3785412],[11.8217869,52.3784128],[11.8218199,52.378366],[11.823551,52.378785],[11.8235222,52.3788337],[11.8234276,52.3788786],[11.8233331,52.378921],[11.8232952,52.3789505],[11.823287,52.3789711],[11.8231977,52.3791066],[11.8233162,52.3791763],[11.8233814,52.3792186],[11.8233982,52.3792764],[11.8234907,52.3793418],[11.8236189,52.3793688],[11.8237934,52.3793854],[11.8239552,52.379397],[11.8240141,52.3793534],[11.8240603,52.3793328],[11.8241212,52.3793251],[11.8240998,52.3793677],[11.8240215,52.3794882],[11.8237829,52.3798499],[11.823745,52.3798756],[11.8236105,52.3798499],[11.8233667,52.3798217],[11.8231796,52.3798217],[11.8231166,52.3798371],[11.8231376,52.3797588],[11.8231229,52.3796818],[11.8229757,52.3796587],[11.8229358,52.3796728],[11.8228538,52.3797331],[11.8228307,52.3797922],[11.8228309,52.3798129]]]}},{"type":"Feature","id":"way/1220342330","properties":{"building":"yes","id":"way/1220342330"},"geometry":{"type":"Polygon","coordinates":[[[11.8228027,52.3788523],[11.8230081,52.3789013],[11.8229347,52.379016],[11.8227293,52.378967],[11.8228027,52.3788523]]]}},{"type":"Feature","id":"way/1220342331","properties":{"natural":"grassland","id":"way/1220342331"},"geometry":{"type":"Polygon","coordinates":[[[11.8213027,52.380084],[11.8212249,52.3800398],[11.8212165,52.37893],[11.8212113,52.3786464],[11.8212564,52.3786131],[11.8213142,52.3786086],[11.8213402,52.37861],[11.8213177,52.3786732],[11.8212943,52.3787381],[11.8213069,52.3788171],[11.8213258,52.3788953],[11.8213426,52.3789659],[11.8214351,52.3789839],[11.8213889,52.3790275],[11.8213216,52.3791173],[11.8213195,52.3791648],[11.8213384,52.3792931],[11.821309,52.3794303],[11.8213237,52.3796869],[11.8213174,52.3800269],[11.8213027,52.380084]]]}},{"type":"Feature","id":"way/1220342332","properties":{"natural":"scrub","id":"way/1220342332"},"geometry":{"type":"Polygon","coordinates":[[[11.8219488,52.3795142],[11.8219543,52.3794515],[11.8219322,52.3793989],[11.8218965,52.3793611],[11.8219049,52.3793046],[11.8219619,52.3792513],[11.8220163,52.3792321],[11.8221003,52.3792392],[11.8221183,52.3792468],[11.8220919,52.379295],[11.8221059,52.3793238],[11.8222149,52.3793245],[11.8222394,52.3793531],[11.822218,52.3793886],[11.8221419,52.3794131],[11.8220506,52.3794157],[11.822011,52.3794413],[11.822011,52.3794727],[11.8220425,52.3794785],[11.8220972,52.3794573],[11.8222401,52.3794502],[11.8223168,52.3794682],[11.8223589,52.3794849],[11.8223702,52.379515],[11.8219488,52.3795142]]]}},{"type":"Feature","id":"way/1220342333","properties":{"natural":"wood","id":"way/1220342333"},"geometry":{"type":"Polygon","coordinates":[[[11.824508,52.3816903],[11.8246026,52.3816942],[11.8246197,52.3817038],[11.8246157,52.3817372],[11.8246335,52.3819118],[11.8245126,52.3819884],[11.8244407,52.3819655],[11.8243714,52.3818988],[11.8242978,52.3818578],[11.8242873,52.3818116],[11.8243293,52.3817949],[11.8244176,52.3817474],[11.8244491,52.3817089],[11.824508,52.3816903]]]}},{"type":"Feature","id":"way/1220342334","properties":{"natural":"wood","id":"way/1220342334"},"geometry":{"type":"Polygon","coordinates":[[[11.823608,52.3818999],[11.8236452,52.3819436],[11.8237072,52.3821511],[11.8237715,52.3821539],[11.8238106,52.3819773],[11.8239139,52.3819689],[11.823969,52.3819226],[11.8239323,52.3818329],[11.8240127,52.3817572],[11.8240173,52.381725],[11.8239197,52.3817081],[11.8238588,52.3817222],[11.8238473,52.3816913],[11.8238221,52.3816689],[11.8237095,52.3816815],[11.8236705,52.3817698],[11.8236318,52.3817944],[11.8235853,52.3817744],[11.8235275,52.3817365],[11.8234297,52.3817064],[11.8233456,52.3816549],[11.8233686,52.3816303],[11.8234244,52.381567],[11.8237461,52.3815787],[11.8238554,52.3815986],[11.8239972,52.3816268],[11.8240913,52.3816376],[11.8241065,52.3817025],[11.8241065,52.38175],[11.8241486,52.3817885],[11.8242263,52.3818642],[11.8242179,52.3819193],[11.8241381,52.3819848],[11.8240498,52.3820348],[11.8239783,52.3820874],[11.8239678,52.3821567],[11.8239846,52.3821965],[11.8240603,52.3822311],[11.8241528,52.3822093],[11.8241654,52.3821811],[11.8241444,52.3821323],[11.8241633,52.382081],[11.8242032,52.3820553],[11.824323,52.3820361],[11.8243861,52.3820297],[11.824571,52.3820733],[11.8246753,52.3821155],[11.8251163,52.3822429],[11.8254978,52.3821956],[11.8257612,52.3824525],[11.8257611,52.3826191],[11.8272607,52.3826192],[11.827303,52.3826934],[11.8246757,52.3826845],[11.8238874,52.3826819],[11.8219724,52.382659],[11.821506,52.382593],[11.8213757,52.382444],[11.8212933,52.3822127],[11.8213163,52.3818849],[11.8213493,52.3817079],[11.8214877,52.3816596],[11.821659,52.3815148],[11.8218962,52.3814665],[11.8222557,52.381457],[11.8225333,52.3814956],[11.8227951,52.3816203],[11.823135,52.3815727],[11.8232315,52.3815951],[11.8232269,52.3816736],[11.8233227,52.3816794],[11.8233289,52.3817115],[11.8233674,52.3817673],[11.8234671,52.3817696],[11.8234939,52.3817833],[11.823558,52.3818413],[11.8235863,52.3818745],[11.8235422,52.3819033],[11.8234999,52.3819104],[11.8233654,52.3819462],[11.8232093,52.3820867],[11.8231008,52.382119],[11.8230188,52.3821997],[11.8229289,52.3822175],[11.8229236,52.3822594],[11.8228284,52.3822611],[11.8228231,52.3822062],[11.8226961,52.3820964],[11.8225877,52.3820705],[11.82254,52.3821513],[11.8227649,52.3823111],[11.82304,52.3823434],[11.8232463,52.3824144],[11.8232463,52.3824968],[11.8233627,52.3824984],[11.8234765,52.3824354],[11.8233336,52.3823595],[11.8233389,52.3822611],[11.8235003,52.3821077],[11.8235306,52.381979],[11.8235422,52.3819367],[11.8235758,52.3819136],[11.823608,52.3818999]]]}},{"type":"Feature","id":"way/1220342335","properties":{"natural":"wood","id":"way/1220342335"},"geometry":{"type":"Polygon","coordinates":[[[11.8249074,52.3812599],[11.8251167,52.3812607],[11.8250688,52.381313],[11.8248873,52.3813882],[11.8249079,52.3815637],[11.8248497,52.3816536],[11.8246751,52.3816557],[11.8246197,52.3817038],[11.8246026,52.3816942],[11.824508,52.3816903],[11.8243934,52.3816711],[11.8242326,52.3816538],[11.8240913,52.3816376],[11.8239972,52.3816268],[11.8238554,52.3815986],[11.8237461,52.3815787],[11.8234244,52.381567],[11.8234707,52.3815097],[11.8235002,52.3814731],[11.8235139,52.381403],[11.8235874,52.3813063],[11.8236747,52.3813035],[11.8236265,52.381239],[11.8235369,52.3812292],[11.8234818,52.3812474],[11.8229077,52.381232],[11.8229192,52.3811437],[11.8225816,52.3811423],[11.8224369,52.3812054],[11.8223932,52.3813552],[11.8223191,52.3813869],[11.8220808,52.3813982],[11.821519,52.3814032],[11.8213658,52.3813931],[11.8213377,52.3813556],[11.8213333,52.3810839],[11.821289,52.3802066],[11.8213687,52.3801655],[11.8219026,52.3801584],[11.8219063,52.3804019],[11.8218822,52.3805401],[11.8219371,52.3805966],[11.8219375,52.3806815],[11.822869,52.38068],[11.8228688,52.3806196],[11.8229363,52.3805653],[11.8229088,52.3805008],[11.8227871,52.3804167],[11.822856,52.3803326],[11.8230282,52.3803396],[11.8231522,52.3804153],[11.8231706,52.3805821],[11.8232096,52.3806691],[11.82329,52.3806803],[11.823313,52.3807363],[11.8232555,52.3807868],[11.8233038,52.3808219],[11.8234094,52.380805],[11.823515,52.3807041],[11.8234278,52.3806102],[11.823437,52.380463],[11.8233727,52.3804041],[11.8231775,52.3803915],[11.8231109,52.3803466],[11.8231086,52.3802878],[11.8230374,52.3803046],[11.822895,52.3802878],[11.8228766,52.3802541],[11.8229114,52.3801291],[11.8229216,52.3800191],[11.8229779,52.3799269],[11.8232091,52.379873],[11.8233247,52.3798679],[11.8236063,52.3798948],[11.8237303,52.3799448],[11.823792,52.3800193],[11.8238586,52.3801048],[11.8237369,52.380273],[11.8238241,52.3803753],[11.8237966,52.380744],[11.8238873,52.3807139],[11.8239314,52.3806387],[11.8239867,52.3806075],[11.8240219,52.3805992],[11.8240424,52.3806171],[11.8240519,52.3806454],[11.8242069,52.3806731],[11.824223,52.380646],[11.8245059,52.38073],[11.8244954,52.3808032],[11.8244805,52.3808973],[11.8243833,52.3809226],[11.8243572,52.3809363],[11.8243214,52.3809398],[11.8241769,52.3809343],[11.8240928,52.38093],[11.8239212,52.3809244],[11.8238943,52.3809635],[11.8238512,52.380986],[11.8238322,52.3810335],[11.8238365,52.3811079],[11.8238554,52.3811938],[11.8238732,52.381249],[11.8239153,52.3812888],[11.8239142,52.3813471],[11.8239668,52.3813555],[11.8241423,52.3813523],[11.8242305,52.3813426],[11.8243031,52.3813568],[11.8243262,52.3813786],[11.8244323,52.3813766],[11.8244912,52.3813689],[11.8245132,52.3813208],[11.82455,52.3812913],[11.8246404,52.3812945],[11.824674,52.3813202],[11.8246793,52.3813689],[11.8246951,52.381376],[11.8247949,52.381385],[11.8248516,52.3813792],[11.8248863,52.3813253],[11.8249147,52.3812933],[11.8249074,52.3812599]]]}},{"type":"Feature","id":"way/1220355251","properties":{"natural":"grassland","id":"way/1220355251"},"geometry":{"type":"Polygon","coordinates":[[[11.8208228,52.3769407],[11.8209612,52.3767283],[11.8210024,52.3767383],[11.8208641,52.3769511],[11.8208228,52.3769407]]]}},{"type":"Feature","id":"way/1220355252","properties":{"natural":"grassland","id":"way/1220355252"},"geometry":{"type":"Polygon","coordinates":[[[11.8208402,52.3769879],[11.8204491,52.3775901],[11.8204039,52.3775839],[11.8207994,52.3769768],[11.8208402,52.3769879]]]}},{"type":"Feature","id":"way/1220355253","properties":{"natural":"grassland","id":"way/1220355253"},"geometry":{"type":"Polygon","coordinates":[[[11.8194882,52.3776609],[11.8199321,52.3777687],[11.819902,52.3778118],[11.8198848,52.37783],[11.8194535,52.3777271],[11.8194536,52.3777156],[11.8194882,52.3776609]]]}},{"type":"Feature","id":"way/1220355254","properties":{"natural":"scrub","id":"way/1220355254"},"geometry":{"type":"Polygon","coordinates":[[[11.8204654,52.3778443],[11.8204858,52.3778976],[11.8206778,52.3779497],[11.8206706,52.3780175],[11.8201712,52.3778983],[11.8202019,52.3778749],[11.8202418,52.3778737],[11.820294,52.3778737],[11.8203401,52.3778499],[11.8203667,52.3778412],[11.8204087,52.3778381],[11.8204332,52.3778293],[11.8204654,52.3778443]]]}},{"type":"Feature","id":"way/1220355256","properties":{"natural":"grassland","id":"way/1220355256"},"geometry":{"type":"Polygon","coordinates":[[[11.820848,52.376647],[11.8201302,52.3764727],[11.8201435,52.3764527],[11.8208632,52.3766245],[11.820848,52.376647]]]}},{"type":"Feature","id":"way/1220355257","properties":{"natural":"wood","id":"way/1220355257"},"geometry":{"type":"Polygon","coordinates":[[[11.8193126,52.3766786],[11.8192005,52.3768513],[11.8191588,52.3768482],[11.8190739,52.3768914],[11.8189664,52.3770032],[11.8188609,52.3770869],[11.81882,52.3771476],[11.8187944,52.3771769],[11.8187617,52.3771969],[11.8187094,52.3772132],[11.8186542,52.3772082],[11.818627,52.3771978],[11.819223,52.3762735],[11.8192581,52.3762858],[11.8192765,52.3763396],[11.8192663,52.3764358],[11.8192479,52.3765021],[11.8192131,52.3765408],[11.8192294,52.3766095],[11.8192561,52.376647],[11.8193126,52.3766786]]]}},{"type":"Feature","id":"way/1220355258","properties":{"natural":"scrub","id":"way/1220355258"},"geometry":{"type":"Polygon","coordinates":[[[11.8197206,52.3764924],[11.8194724,52.3764323],[11.8194338,52.3764918],[11.8193666,52.3764639],[11.819342,52.3764433],[11.8193605,52.3764152],[11.8194188,52.3764202],[11.8194495,52.3764189],[11.8194751,52.3763933],[11.819512,52.3763683],[11.8195765,52.3763615],[11.8196338,52.376369],[11.8196573,52.3764189],[11.8197484,52.3764464],[11.8197206,52.3764924]]]}},{"type":"Feature","id":"way/1220355259","properties":{"natural":"grassland","id":"way/1220355259"},"geometry":{"type":"Polygon","coordinates":[[[11.819223,52.3762735],[11.8192492,52.3762329],[11.8195314,52.3762915],[11.8197423,52.3763471],[11.8198569,52.3763821],[11.8196727,52.3766627],[11.8196183,52.37665],[11.8197206,52.3764924],[11.8197484,52.3764464],[11.8196573,52.3764189],[11.8196338,52.376369],[11.8195765,52.3763615],[11.819512,52.3763683],[11.8194751,52.3763933],[11.8194495,52.3764189],[11.8194188,52.3764202],[11.8193605,52.3764152],[11.819342,52.3764433],[11.8193666,52.3764639],[11.8194338,52.3764918],[11.8193126,52.3766786],[11.8192561,52.376647],[11.8192294,52.3766095],[11.8192131,52.3765408],[11.8192479,52.3765021],[11.8192663,52.3764358],[11.8192765,52.3763396],[11.8192581,52.3762858],[11.819223,52.3762735]]]}},{"type":"Feature","id":"way/1220355260","properties":{"natural":"grassland","id":"way/1220355260"},"geometry":{"type":"Polygon","coordinates":[[[11.8197699,52.3766873],[11.8197259,52.3766776],[11.8198958,52.3764171],[11.8199397,52.3764265],[11.8197699,52.3766873]]]}},{"type":"Feature","id":"way/1220355261","properties":{"natural":"grassland","id":"way/1220355261"},"geometry":{"type":"Polygon","coordinates":[[[11.8193596,52.3773172],[11.8193195,52.3773063],[11.8197075,52.3767133],[11.819747,52.3767225],[11.8193596,52.3773172]]]}},{"type":"Feature","id":"way/1220355262","properties":{"natural":"grassland","id":"way/1220355262"},"geometry":{"type":"Polygon","coordinates":[[[11.8195957,52.3766848],[11.8196543,52.3767008],[11.8192581,52.377305],[11.8192019,52.3772916],[11.8195957,52.3766848]]]}},{"type":"Feature","id":"way/1220355263","properties":{"natural":"wood","id":"way/1220355263"},"geometry":{"type":"Polygon","coordinates":[[[11.8191839,52.3775871],[11.8191936,52.3776081],[11.8191813,52.3776268],[11.819099,52.3776425],[11.8188446,52.3775818],[11.8187342,52.3775212],[11.8186376,52.3774532],[11.8186018,52.3774121],[11.818564,52.3773159],[11.8185955,52.3772466],[11.8186224,52.3772607],[11.818648,52.3772944],[11.8186726,52.37734],[11.8186961,52.3773956],[11.8187289,52.3774269],[11.8187842,52.3774569],[11.8189203,52.3775025],[11.8190032,52.3775375],[11.8191097,52.3775562],[11.8191839,52.3775871]]]}},{"type":"Feature","id":"way/1220355264","properties":{"natural":"grassland","id":"way/1220355264"},"geometry":{"type":"Polygon","coordinates":[[[11.8191839,52.3775871],[11.8193861,52.3776361],[11.8193443,52.377701],[11.819099,52.3776425],[11.8191813,52.3776268],[11.8191936,52.3776081],[11.8191839,52.3775871]]]}},{"type":"Feature","id":"way/1220355265","properties":{"natural":"grassland","id":"way/1220355265"},"geometry":{"type":"Polygon","coordinates":[[[11.8185955,52.3772466],[11.818627,52.3771978],[11.8186542,52.3772082],[11.8187094,52.3772132],[11.8187617,52.3771969],[11.8187944,52.3771769],[11.81882,52.3771476],[11.8188609,52.3770869],[11.8189664,52.3770032],[11.8190739,52.3768914],[11.8191588,52.3768482],[11.8192005,52.3768513],[11.8188325,52.3774183],[11.8190807,52.3774783],[11.8191636,52.3773506],[11.8192192,52.3773644],[11.8191424,52.3774856],[11.8191946,52.3774994],[11.8192898,52.3773531],[11.8193315,52.3773603],[11.8191839,52.3775871],[11.8191097,52.3775562],[11.8190032,52.3775375],[11.8189203,52.3775025],[11.8187842,52.3774569],[11.8187289,52.3774269],[11.8186961,52.3773956],[11.8186726,52.37734],[11.818648,52.3772944],[11.8186224,52.3772607],[11.8185955,52.3772466]]]}},{"type":"Feature","id":"way/1220355483","properties":{"natural":"grassland","id":"way/1220355483"},"geometry":{"type":"Polygon","coordinates":[[[11.8205576,52.3776071],[11.8205039,52.3775969],[11.8208939,52.3770057],[11.8209411,52.3770183],[11.8205576,52.3776071]]]}},{"type":"Feature","id":"way/1220365122","properties":{"natural":"grassland","id":"way/1220365122"},"geometry":{"type":"Polygon","coordinates":[[[11.8203298,52.3760328],[11.8202132,52.376004],[11.820164,52.3760034],[11.8201221,52.3760259],[11.8200637,52.3760784],[11.8198958,52.3763183],[11.8198661,52.3763277],[11.8198344,52.3763321],[11.8197709,52.376319],[11.8193021,52.3762021],[11.8192939,52.3761646],[11.819297,52.3761246],[11.8196266,52.3755753],[11.8196604,52.3755453],[11.8196952,52.3755347],[11.8197372,52.3755322],[11.8198129,52.3755416],[11.8199091,52.3755728],[11.819991,52.3756097],[11.8199828,52.3756504],[11.8198305,52.3756137],[11.8197299,52.3757682],[11.8204187,52.3759356],[11.8205201,52.3757801],[11.8200344,52.3756629],[11.8200432,52.3756441],[11.8201098,52.3756628],[11.8202715,52.3756997],[11.8203902,52.3757247],[11.8205039,52.3757459],[11.8205295,52.3757559],[11.8205704,52.3758072],[11.8204517,52.3760009],[11.8203298,52.3760328]]]}},{"type":"Feature","id":"way/1220369749","properties":{"natural":"grassland","id":"way/1220369749"},"geometry":{"type":"Polygon","coordinates":[[[11.8202472,52.3760654],[11.8202817,52.3760696],[11.8205931,52.3761457],[11.8205761,52.3761718],[11.8202329,52.3760901],[11.8202472,52.3760654]]]}},{"type":"Feature","id":"way/1220369750","properties":{"natural":"grassland","id":"way/1220369750"},"geometry":{"type":"Polygon","coordinates":[[[11.8200369,52.376387],[11.8199317,52.3763615],[11.8199644,52.3763052],[11.8200908,52.3761232],[11.8201971,52.3761457],[11.8201321,52.3762467],[11.8200369,52.376387]]]}},{"type":"Feature","id":"way/1220369751","properties":{"natural":"grassland","id":"way/1220369751"},"geometry":{"type":"Polygon","coordinates":[[[11.8250452,52.3762518],[11.8251373,52.3760933],[11.8252012,52.3759833],[11.8253548,52.3760196],[11.8252381,52.3762246],[11.8251788,52.3762508],[11.8250989,52.3762683],[11.8250436,52.3762683],[11.8249802,52.3762533],[11.8249787,52.3762374],[11.8250452,52.3762518]]]}},{"type":"Feature","id":"way/1220374078","properties":{"natural":"wood","id":"way/1220374078"},"geometry":{"type":"Polygon","coordinates":[[[11.8232451,52.3762869],[11.8228604,52.3761944],[11.8226929,52.3761555],[11.8226411,52.3761323],[11.822631,52.3761009],[11.822664,52.3760319],[11.822684,52.3759784],[11.8226949,52.3759242],[11.8227258,52.3759029],[11.8227707,52.3759595],[11.8227767,52.3759918],[11.8228405,52.3760052],[11.8228743,52.376049],[11.8229312,52.3760538],[11.8230857,52.3760204],[11.8232661,52.3760666],[11.8233239,52.3761025],[11.8233857,52.3760952],[11.8234006,52.3761445],[11.8233528,52.3761901],[11.8233438,52.376223],[11.8233548,52.3762461],[11.8233309,52.3762723],[11.8232451,52.3762869]]]}},{"type":"Feature","id":"way/1220374079","properties":{"natural":"wood","id":"way/1220374079"},"geometry":{"type":"Polygon","coordinates":[[[11.823916,52.3769057],[11.8238482,52.3769696],[11.8238014,52.3769903],[11.8237116,52.3769903],[11.823588,52.3769587],[11.8234006,52.3768991],[11.8234106,52.3768455],[11.8234605,52.3768102],[11.8235143,52.3767883],[11.8236459,52.376826],[11.8237774,52.3768467],[11.8238153,52.3768552],[11.8238273,52.3768808],[11.8238691,52.3768978],[11.823916,52.3769057]]]}},{"type":"Feature","id":"way/1220374080","properties":{"natural":"wood","id":"way/1220374080"},"geometry":{"type":"Polygon","coordinates":[[[11.8236708,52.3771784],[11.8235243,52.377137],[11.8228185,52.3769672],[11.8227049,52.3769429],[11.8225514,52.3769258],[11.8222962,52.3768966],[11.8220584,52.3768498],[11.8220669,52.3768139],[11.8220869,52.3767408],[11.8221148,52.3767214],[11.8221507,52.3766836],[11.8222743,52.3766727],[11.822364,52.3766496],[11.8224836,52.3766763],[11.822679,52.3766788],[11.8227388,52.3766252],[11.8228006,52.3766228],[11.822977,52.376652],[11.8231305,52.3766806],[11.8232511,52.3766982],[11.8232701,52.3767414],[11.8232332,52.3768279],[11.8232113,52.3768291],[11.8231405,52.3768297],[11.8230578,52.3768005],[11.8229401,52.376767],[11.8229142,52.3768248],[11.8229122,52.3768741],[11.8229351,52.3768826],[11.823301,52.3769636],[11.823617,52.3770274],[11.8237047,52.3770719],[11.8237047,52.3771163],[11.8236708,52.3771784]]]}},{"type":"Feature","id":"way/1220374081","properties":{"natural":"grassland","id":"way/1220374081"},"geometry":{"type":"Polygon","coordinates":[[[11.8238482,52.3769696],[11.8237974,52.3770268],[11.8237615,52.3770706],[11.8237136,52.3771516],[11.8236987,52.3771741],[11.8236708,52.3771784],[11.8237047,52.3771163],[11.8237047,52.3770719],[11.823617,52.3770274],[11.823301,52.3769636],[11.8229351,52.3768826],[11.8229122,52.3768741],[11.8229142,52.3768248],[11.8229401,52.376767],[11.8230578,52.3768005],[11.8231405,52.3768297],[11.8232113,52.3768291],[11.8232332,52.3768279],[11.8232701,52.3767414],[11.8232511,52.3766982],[11.8231305,52.3766806],[11.822977,52.376652],[11.8228006,52.3766228],[11.8227388,52.3766252],[11.8227527,52.3765559],[11.8228205,52.3765546],[11.8228664,52.376523],[11.8228783,52.376478],[11.8229102,52.3764439],[11.8228943,52.3764171],[11.8228504,52.3764196],[11.8226232,52.3763636],[11.8226291,52.3763368],[11.8226421,52.3763064],[11.8226351,52.3762863],[11.8226313,52.3762784],[11.8226899,52.3762011],[11.8229511,52.3762528],[11.8233787,52.3763453],[11.8233085,52.3764566],[11.823207,52.3766116],[11.8238958,52.376778],[11.8239964,52.376623],[11.8240187,52.3766058],[11.8240844,52.3766054],[11.8240147,52.3767536],[11.823916,52.3769057],[11.8238691,52.3768978],[11.8238273,52.3768808],[11.8238153,52.3768552],[11.8237774,52.3768467],[11.8236459,52.376826],[11.8235143,52.3767883],[11.8234605,52.3768102],[11.8234106,52.3768455],[11.8234006,52.3768991],[11.823588,52.3769587],[11.8237116,52.3769903],[11.8238014,52.3769903],[11.8238482,52.3769696]]]}},{"type":"Feature","id":"way/1220374082","properties":{"natural":"grassland","id":"way/1220374082"},"geometry":{"type":"Polygon","coordinates":[[[11.8231116,52.3781112],[11.8230847,52.3780296],[11.8230348,52.3779305],[11.8230757,52.3778319],[11.8231614,52.3778063],[11.8232601,52.3777929],[11.823307,52.377737],[11.8233379,52.3776871],[11.8233757,52.3776013],[11.8234126,52.3775654],[11.8234734,52.3775179],[11.8234943,52.3775185],[11.8233109,52.3777972],[11.8231116,52.3781112]]]}},{"type":"Feature","id":"way/1220374083","properties":{"natural":"wood","id":"way/1220374083"},"geometry":{"type":"Polygon","coordinates":[[[11.8220997,52.3780518],[11.8220866,52.3780181],[11.8220642,52.3779608],[11.8221983,52.3777246],[11.8226371,52.3770037],[11.822665,52.3769855],[11.8227153,52.3769795],[11.8236817,52.3772076],[11.8236199,52.3773183],[11.8234943,52.3775185],[11.8234734,52.3775179],[11.8234126,52.3775654],[11.8233757,52.3776013],[11.8233379,52.3776871],[11.823307,52.377737],[11.8232601,52.3777929],[11.8231614,52.3778063],[11.8230757,52.3778319],[11.8230348,52.3779305],[11.8230847,52.3780296],[11.8231116,52.3781112],[11.822992,52.3783095],[11.8228833,52.3784592],[11.8228385,52.3785109],[11.8228092,52.3785307],[11.8225624,52.3784787],[11.8221666,52.378368],[11.8221437,52.3783363],[11.8221208,52.3783016],[11.8220669,52.3782809],[11.8220131,52.3782919],[11.8219603,52.3783144],[11.8218855,52.3783022],[11.8218661,52.3782733],[11.8218993,52.3782049],[11.8219344,52.3781848],[11.8219792,52.3781787],[11.8220145,52.3781885],[11.8228022,52.3783796],[11.8228898,52.378242],[11.8220997,52.3780518]]]}},{"type":"Feature","id":"way/1220374084","properties":{"natural":"grassland","id":"way/1220374084"},"geometry":{"type":"Polygon","coordinates":[[[11.8228092,52.3785307],[11.8228305,52.3785444],[11.8227916,52.3785377],[11.8225913,52.3784939],[11.822065,52.3783649],[11.8219035,52.3783296],[11.8218467,52.3783114],[11.8218267,52.3782895],[11.8218217,52.3782651],[11.8218447,52.378231],[11.8220051,52.3780023],[11.8220291,52.3780065],[11.8220866,52.3780181],[11.8220997,52.3780518],[11.8220145,52.3781885],[11.8219792,52.3781787],[11.8219344,52.3781848],[11.8218993,52.3782049],[11.8218661,52.3782733],[11.8218855,52.3783022],[11.8219603,52.3783144],[11.8220131,52.3782919],[11.8220669,52.3782809],[11.8221208,52.3783016],[11.8221437,52.3783363],[11.8221666,52.378368],[11.8225624,52.3784787],[11.8228092,52.3785307]]]}},{"type":"Feature","id":"way/1220374085","properties":{"natural":"grassland","id":"way/1220374085"},"geometry":{"type":"Polygon","coordinates":[[[11.8224976,52.376966],[11.8223999,52.3771291],[11.8221925,52.3774723],[11.8219513,52.3774236],[11.8219653,52.3773895],[11.8220231,52.3772921],[11.8221407,52.3771473],[11.8222484,52.3769903],[11.8222603,52.3769222],[11.8224976,52.376966]]]}},{"type":"Feature","id":"way/1220374086","properties":{"natural":"scrub","id":"way/1220374086"},"geometry":{"type":"Polygon","coordinates":[[[11.8218046,52.3776373],[11.8215858,52.3775888],[11.8213512,52.3775739],[11.8213573,52.37752],[11.8212628,52.3775367],[11.8211836,52.3775851],[11.821016,52.3775851],[11.8210343,52.3774642],[11.8211866,52.37744],[11.8213847,52.3771629],[11.8214749,52.3772495],[11.8215805,52.3773299],[11.8216583,52.3774491],[11.8217221,52.3775562],[11.8218046,52.3776373]]]}},{"type":"Feature","id":"way/1220374087","properties":{"natural":"wood","id":"way/1220374087"},"geometry":{"type":"Polygon","coordinates":[[[11.8213847,52.3771629],[11.8216528,52.377094],[11.8217077,52.3769713],[11.8215594,52.3769213],[11.8216044,52.3768662],[11.8216483,52.3768029],[11.821726,52.3768053],[11.8219134,52.376854],[11.822051,52.3768808],[11.8222603,52.3769222],[11.8222484,52.3769903],[11.8221407,52.3771473],[11.8220231,52.3772921],[11.8219653,52.3773895],[11.8219513,52.3774236],[11.8221925,52.3774723],[11.8223999,52.3771291],[11.8224976,52.376966],[11.8225813,52.3769903],[11.822356,52.3773652],[11.8222902,52.3774637],[11.8222045,52.3775988],[11.8221207,52.3777074],[11.8218046,52.3776373],[11.8217221,52.3775562],[11.8216583,52.3774491],[11.8215805,52.3773299],[11.8214749,52.3772495],[11.8213847,52.3771629]]]}},{"type":"Feature","id":"way/1220374088","properties":{"natural":"scrub","id":"way/1220374088"},"geometry":{"type":"Polygon","coordinates":[[[11.8227527,52.3765559],[11.8224797,52.3764563],[11.8225335,52.3763732],[11.8225703,52.3763587],[11.8226313,52.3762784],[11.8226351,52.3762863],[11.8226421,52.3763064],[11.8226291,52.3763368],[11.8226232,52.3763636],[11.8228504,52.3764196],[11.8228943,52.3764171],[11.8229102,52.3764439],[11.8228783,52.376478],[11.8228664,52.376523],[11.8228205,52.3765546],[11.8227527,52.3765559]]]}},{"type":"Feature","id":"way/1220374089","properties":{"natural":"grassland","id":"way/1220374089"},"geometry":{"type":"Polygon","coordinates":[[[11.822631,52.3761009],[11.8226084,52.3759353],[11.8226084,52.3759015],[11.8226156,52.3758809],[11.8226432,52.3758665],[11.8226954,52.3758634],[11.8227364,52.375874],[11.8229544,52.3759421],[11.8230773,52.375974],[11.8232451,52.376009],[11.8234007,52.376039],[11.8234683,52.3760528],[11.8235092,52.3760727],[11.8235543,52.3761221],[11.8235143,52.3762346],[11.8234804,52.3763112],[11.8234485,52.3763283],[11.8232451,52.3762869],[11.8233309,52.3762723],[11.8233548,52.3762461],[11.8233438,52.376223],[11.8233528,52.3761901],[11.8234006,52.3761445],[11.8233857,52.3760952],[11.8233239,52.3761025],[11.8232661,52.3760666],[11.8230857,52.3760204],[11.8229312,52.3760538],[11.8228743,52.376049],[11.8228405,52.3760052],[11.8227767,52.3759918],[11.8227707,52.3759595],[11.8227258,52.3759029],[11.8226949,52.3759242],[11.822684,52.3759784],[11.822664,52.3760319],[11.822631,52.3761009]]]}},{"type":"Feature","id":"way/1220374090","properties":{"natural":"scrub","id":"way/1220374090"},"geometry":{"type":"Polygon","coordinates":[[[11.8219548,52.3763841],[11.8219732,52.3764171],[11.8219154,52.3764865],[11.8218098,52.3765047],[11.8217779,52.3764926],[11.8217958,52.3764244],[11.8218078,52.3764013],[11.8218076,52.3763486],[11.8219548,52.3763841]]]}},{"type":"Feature","id":"way/1220374091","properties":{"natural":"scrub","id":"way/1220374091"},"geometry":{"type":"Polygon","coordinates":[[[11.8217367,52.3763315],[11.8216941,52.3763234],[11.8216523,52.3762747],[11.8216543,52.3762285],[11.8217584,52.3762235],[11.8217262,52.3762732],[11.8217679,52.3762833],[11.8217367,52.3763315]]]}},{"type":"Feature","id":"way/1220374092","properties":{"natural":"grassland","id":"way/1220374092"},"geometry":{"type":"Polygon","coordinates":[[[11.8209205,52.3765683],[11.8208795,52.376592],[11.8201115,52.3764052],[11.8202001,52.3762632],[11.8209856,52.376454],[11.8209205,52.3765683]]]}},{"type":"Feature","id":"way/1220374093","properties":{"natural":"wood","id":"way/1220374093"},"geometry":{"type":"Polygon","coordinates":[[[11.8211416,52.3766177],[11.8211968,52.3765248],[11.8212755,52.3764068],[11.8212934,52.3763386],[11.8212825,52.3762759],[11.821247,52.3762298],[11.8213087,52.3762451],[11.8213363,52.3762065],[11.8213833,52.3762169],[11.8215099,52.3760218],[11.8215307,52.3760307],[11.8215137,52.3760757],[11.8214589,52.3761548],[11.821415,52.3762267],[11.8214101,52.3762711],[11.8214489,52.3763581],[11.8214729,52.3764104],[11.8214041,52.3764573],[11.8213662,52.376478],[11.8213542,52.3765297],[11.8213662,52.376568],[11.8213403,52.3765863],[11.8212905,52.3766094],[11.8212566,52.3766283],[11.8212127,52.3766325],[11.8211416,52.3766177]]]}},{"type":"Feature","id":"way/1220374094","properties":{"natural":"grassland","id":"way/1220374094"},"geometry":{"type":"Polygon","coordinates":[[[11.8210994,52.376684],[11.8211416,52.3766177],[11.8212127,52.3766325],[11.8212566,52.3766283],[11.8212905,52.3766094],[11.8213403,52.3765863],[11.8213662,52.376568],[11.8213542,52.3765297],[11.8213662,52.376478],[11.8214041,52.3764573],[11.8214729,52.3764104],[11.8214489,52.3763581],[11.8214101,52.3762711],[11.821415,52.3762267],[11.8214589,52.3761548],[11.8215137,52.3760757],[11.8215307,52.3760307],[11.8215099,52.3760218],[11.8213833,52.3762169],[11.8213363,52.3762065],[11.8213087,52.3762451],[11.821247,52.3762298],[11.8212336,52.3762364],[11.8212336,52.3762692],[11.8212436,52.3763149],[11.8212386,52.3763496],[11.8212217,52.3764043],[11.8211599,52.3765084],[11.821091,52.3766064],[11.82098,52.3765816],[11.8210123,52.3765193],[11.821041,52.3764675],[11.8211416,52.376308],[11.8207951,52.3762238],[11.8208704,52.3761069],[11.8209805,52.3761234],[11.821114,52.3761567],[11.8211318,52.3761276],[11.8210329,52.3761038],[11.8211359,52.375937],[11.8211918,52.3758786],[11.8212755,52.3758731],[11.821427,52.3758688],[11.8214499,52.3759041],[11.8214679,52.3759315],[11.8214948,52.3759516],[11.8215297,52.3759693],[11.8216144,52.3759954],[11.8216513,52.3760045],[11.8216603,52.3760526],[11.8215995,52.3761451],[11.821743,52.3761804],[11.8217888,52.3761335],[11.8218158,52.376139],[11.8217793,52.3761912],[11.8217584,52.3762235],[11.8216543,52.3762285],[11.8216523,52.3762747],[11.8216941,52.3763234],[11.8217367,52.3763315],[11.8218076,52.3763486],[11.8218078,52.3764013],[11.8217958,52.3764244],[11.8217779,52.3764926],[11.8218098,52.3765047],[11.8219154,52.3764865],[11.8219732,52.3764171],[11.8219548,52.3763841],[11.8219853,52.376337],[11.8224797,52.3764563],[11.8227527,52.3765559],[11.8227388,52.3766252],[11.822679,52.3766788],[11.8224836,52.3766763],[11.822364,52.3766496],[11.8222743,52.3766727],[11.8221507,52.3766836],[11.8221148,52.3767214],[11.8220869,52.3767408],[11.8220669,52.3768139],[11.8220584,52.3768498],[11.8219254,52.3768157],[11.8216692,52.3767536],[11.8214769,52.3767177],[11.8212406,52.3766964],[11.8210994,52.376684]]]}},{"type":"Feature","id":"way/1220374095","properties":{"natural":"scrub","id":"way/1220374095"},"geometry":{"type":"Polygon","coordinates":[[[11.821505,52.3769029],[11.8213877,52.3768634],[11.8213166,52.376879],[11.8210707,52.3768193],[11.8209667,52.376979],[11.8209205,52.3769663],[11.8210515,52.3767595],[11.8211997,52.376736],[11.8213692,52.3767421],[11.8214111,52.3767591],[11.8214768,52.3768005],[11.8215287,52.3768674],[11.821505,52.3769029]]]}},{"type":"Feature","id":"way/1220374098","properties":{"natural":"wood","id":"way/1220374098"},"geometry":{"type":"Polygon","coordinates":[[[11.8225702,52.3759996],[11.8225818,52.3760996],[11.8225504,52.3761482],[11.8225285,52.3761585],[11.8216842,52.3759747],[11.8215646,52.3759309],[11.8215367,52.3758841],[11.8215217,52.3758378],[11.8215287,52.3758111],[11.821634,52.3758334],[11.8216573,52.3757924],[11.821552,52.3757701],[11.8215817,52.3756934],[11.8216165,52.3756872],[11.8216769,52.3756909],[11.821726,52.3757575],[11.8217978,52.3757952],[11.8218297,52.3757964],[11.8219772,52.375805],[11.8220969,52.3758366],[11.8221407,52.3758634],[11.8222165,52.3759315],[11.8222783,52.37594],[11.8224716,52.3759571],[11.8225135,52.3759729],[11.8225702,52.3759996]]]}},{"type":"Feature","id":"way/1220374100","properties":{"natural":"wood","id":"way/1220374100"},"geometry":{"type":"Polygon","coordinates":[[[11.8208704,52.3761069],[11.8210032,52.3759009],[11.8210582,52.3758792],[11.8209296,52.3758512],[11.8207542,52.3758013],[11.8206794,52.3757672],[11.8206485,52.3757258],[11.8206166,52.3756723],[11.8205718,52.3756443],[11.820506,52.3756303],[11.8205049,52.3755947],[11.8205315,52.3755666],[11.820595,52.3755385],[11.8206574,52.3755278],[11.8207311,52.3755247],[11.8208355,52.3755285],[11.8210177,52.3755522],[11.8215039,52.3756509],[11.8215347,52.3756791],[11.8214619,52.3758153],[11.821427,52.3758688],[11.8212755,52.3758731],[11.8211918,52.3758786],[11.8211359,52.375937],[11.8210329,52.3761038],[11.8209982,52.3760954],[11.8209805,52.3761234],[11.8208704,52.3761069]]]}},{"type":"Feature","id":"way/1220374101","properties":{"natural":"grassland","id":"way/1220374101"},"geometry":{"type":"Polygon","coordinates":[[[11.8210032,52.3759009],[11.820787,52.3758487],[11.820622,52.3761014],[11.8205299,52.3760763],[11.820495,52.3760149],[11.8206555,52.3757952],[11.8206555,52.3757806],[11.8206057,52.3757398],[11.8205508,52.3756912],[11.820506,52.3756303],[11.8205718,52.3756443],[11.8206166,52.3756723],[11.8206485,52.3757258],[11.8206794,52.3757672],[11.8207542,52.3758013],[11.8209296,52.3758512],[11.8210582,52.3758792],[11.8210032,52.3759009]]]}},{"type":"Feature","id":"way/1220374926","properties":{"natural":"grassland","id":"way/1220374926"},"geometry":{"type":"Polygon","coordinates":[[[11.8252447,52.3783813],[11.8251949,52.378374],[11.8251271,52.3784325],[11.8250952,52.3784714],[11.8249816,52.378643],[11.8249487,52.3786605],[11.8247285,52.378602],[11.8247164,52.3785566],[11.8248001,52.3784556],[11.8248639,52.3783448],[11.8249198,52.3782998],[11.8249915,52.3783083],[11.8250673,52.3783168],[11.825137,52.3782803],[11.8251869,52.3782828],[11.8252208,52.3783217],[11.8252447,52.3783813]]]}},{"type":"Feature","id":"way/1220374927","properties":{"natural":"scrub","id":"way/1220374927"},"geometry":{"type":"Polygon","coordinates":[[[11.8252447,52.3785383],[11.8252008,52.378514],[11.8251271,52.3784325],[11.8251949,52.378374],[11.8252447,52.3783813],[11.8253165,52.378441],[11.82546,52.3784714],[11.825783,52.3785688],[11.8259699,52.3786229],[11.8256275,52.3790896],[11.8254381,52.3790507],[11.8252088,52.3790032],[11.8250593,52.3789703],[11.8249975,52.3789241],[11.8251231,52.3787549],[11.8252447,52.3785383]]]}},{"type":"Feature","id":"way/1220374928","properties":{"natural":"grassland","id":"way/1220374928"},"geometry":{"type":"Polygon","coordinates":[[[11.8259699,52.3786229],[11.8260257,52.378639],[11.8257139,52.37913],[11.8256906,52.3791615],[11.8256435,52.3791865],[11.8255841,52.3792028],[11.8255391,52.379199],[11.8254244,52.379169],[11.8255278,52.379176],[11.8256434,52.3791212],[11.8256275,52.3790896],[11.8259699,52.3786229]]]}},{"type":"Feature","id":"way/1220374929","properties":{"natural":"grassland","id":"way/1220374929"},"geometry":{"type":"Polygon","coordinates":[[[11.8238632,52.377011],[11.8239409,52.3769544],[11.8239927,52.376868],[11.8240745,52.3767153],[11.8241203,52.3766051],[11.8243815,52.3766739],[11.8244053,52.376723],[11.8243098,52.3768749],[11.8250075,52.3770384],[11.825103,52.3768865],[11.825159,52.3768053],[11.825531,52.376893],[11.8253524,52.3770001],[11.8252327,52.3770889],[11.8251789,52.3771899],[11.825141,52.3772727],[11.8250214,52.3772556],[11.8244174,52.3770938],[11.8240844,52.3770354],[11.8239628,52.3770061],[11.8238632,52.377011]]]}},{"type":"Feature","id":"way/1220374930","properties":{"natural":"wood","id":"way/1220374930"},"geometry":{"type":"Polygon","coordinates":[[[11.8251271,52.3784325],[11.8252008,52.378514],[11.8252447,52.3785383],[11.8251231,52.3787549],[11.8249975,52.3789241],[11.8250593,52.3789703],[11.8252088,52.3790032],[11.8254381,52.3790507],[11.8256275,52.3790896],[11.8256434,52.3791212],[11.8255278,52.379176],[11.8254244,52.379169],[11.8244868,52.3789416],[11.8229043,52.3785663],[11.8229351,52.3784988],[11.8230877,52.3782359],[11.8233448,52.3778416],[11.8235761,52.3774814],[11.8237376,52.3772222],[11.8238123,52.3770828],[11.8238632,52.377011],[11.8239628,52.3770061],[11.8240844,52.3770354],[11.8244174,52.3770938],[11.8250214,52.3772556],[11.825141,52.3772727],[11.8251789,52.3771899],[11.8252327,52.3770889],[11.8253524,52.3770001],[11.825531,52.376893],[11.8256913,52.3769307],[11.8268087,52.3772203],[11.8268924,52.3772435],[11.8269422,52.3772581],[11.8262814,52.3782365],[11.8260257,52.378639],[11.8259699,52.3786229],[11.825783,52.3785688],[11.82546,52.3784714],[11.8253165,52.378441],[11.8252447,52.3783813],[11.8252208,52.3783217],[11.8251869,52.3782828],[11.825137,52.3782803],[11.8250673,52.3783168],[11.8249915,52.3783083],[11.8249198,52.3782998],[11.8248639,52.3783448],[11.8248001,52.3784556],[11.8247164,52.3785566],[11.8247285,52.378602],[11.8249487,52.3786605],[11.8249816,52.378643],[11.8250952,52.3784714],[11.8251271,52.3784325]]]}},{"type":"Feature","id":"way/1220374931","properties":{"building":"yes","id":"way/1220374931"},"geometry":{"type":"Polygon","coordinates":[[[11.8264738,52.3773467],[11.8265425,52.3772388],[11.8267976,52.3772992],[11.826729,52.3774071],[11.8264738,52.3773467]]]}},{"type":"Feature","id":"way/1220374933","properties":{"natural":"grassland","id":"way/1220374933"},"geometry":{"type":"Polygon","coordinates":[[[11.8240892,52.3765118],[11.8239569,52.3764853],[11.8235801,52.3763903],[11.8235482,52.3763575],[11.8235442,52.3763271],[11.8235561,52.3762638],[11.823606,52.3763228],[11.8236688,52.3763544],[11.8237097,52.3763599],[11.8237595,52.3763617],[11.823909,52.3764159],[11.8239748,52.3764524],[11.8240892,52.3765118]]]}},{"type":"Feature","id":"way/1220374934","properties":{"natural":"grassland","id":"way/1220374934"},"geometry":{"type":"Polygon","coordinates":[[[11.8235849,52.3761941],[11.8236126,52.3761271],[11.8236566,52.3761034],[11.8236925,52.3760984],[11.8239955,52.3761652],[11.8242125,52.3762096],[11.8244284,52.3762465],[11.8247949,52.376309],[11.8251112,52.3763552],[11.8252187,52.3763771],[11.827017,52.3767822],[11.8271645,52.3769076],[11.8269751,52.3772155],[11.8269077,52.3772006],[11.8269711,52.3771425],[11.8270389,52.3770305],[11.8270389,52.376921],[11.8269333,52.3768747],[11.8266841,52.3768248],[11.826397,52.3767895],[11.8260381,52.3767092],[11.8258208,52.3766471],[11.8257331,52.3766106],[11.8256175,52.3766143],[11.8255577,52.3766715],[11.825462,52.3766471],[11.8254102,52.376568],[11.8253145,52.3765291],[11.8252048,52.3764938],[11.8249217,52.3764427],[11.8248081,52.3764743],[11.8246287,52.3764621],[11.8244632,52.3764001],[11.8244293,52.376394],[11.8243336,52.3764317],[11.8242061,52.3764427],[11.8241403,52.376422],[11.8240326,52.3763636],[11.8241722,52.376293],[11.8241881,52.3762467],[11.8241024,52.3762236],[11.8239768,52.3762747],[11.823905,52.3762832],[11.8238333,52.3762638],[11.8237675,52.376237],[11.8236638,52.3761798],[11.8236239,52.3761768],[11.8235849,52.3761941]]]}},{"type":"Feature","id":"way/1220374935","properties":{"natural":"wood","id":"way/1220374935"},"geometry":{"type":"Polygon","coordinates":[[[11.8235561,52.3762638],[11.8235849,52.3761941],[11.8236239,52.3761768],[11.8236638,52.3761798],[11.8237675,52.376237],[11.8238333,52.3762638],[11.823905,52.3762832],[11.8239768,52.3762747],[11.8241024,52.3762236],[11.8241881,52.3762467],[11.8241722,52.376293],[11.8240326,52.3763636],[11.8241403,52.376422],[11.8242061,52.3764427],[11.8243336,52.3764317],[11.8244293,52.376394],[11.8244632,52.3764001],[11.8246287,52.3764621],[11.8248081,52.3764743],[11.8249217,52.3764427],[11.8252048,52.3764938],[11.8253145,52.3765291],[11.8254102,52.376568],[11.825462,52.3766471],[11.8255577,52.3766715],[11.8256175,52.3766143],[11.8257331,52.3766106],[11.8258208,52.3766471],[11.8260381,52.3767092],[11.826397,52.3767895],[11.8266841,52.3768248],[11.8269333,52.3768747],[11.8270389,52.376921],[11.8270389,52.3770305],[11.8269711,52.3771425],[11.8269077,52.3772006],[11.8268097,52.377179],[11.8263352,52.3770548],[11.8258248,52.3769295],[11.8256753,52.3768918],[11.8251869,52.3767737],[11.8250095,52.3767202],[11.8249556,52.3766763],[11.8248639,52.3765972],[11.8246347,52.3765449],[11.8244433,52.3765388],[11.8243336,52.3765559],[11.8242479,52.3765437],[11.8240892,52.3765118],[11.8239748,52.3764524],[11.823909,52.3764159],[11.8237595,52.3763617],[11.8237097,52.3763599],[11.8236688,52.3763544],[11.823606,52.3763228],[11.8235561,52.3762638]]]}},{"type":"Feature","id":"way/1220378358","properties":{"natural":"grassland","id":"way/1220378358"},"geometry":{"type":"Polygon","coordinates":[[[11.8266823,52.3755713],[11.8268826,52.3756181],[11.8268759,52.3756522],[11.8268903,52.3757559],[11.8268862,52.3759884],[11.8268985,52.3760521],[11.8268145,52.3761934],[11.8266241,52.3764058],[11.8263951,52.3763588],[11.826435,52.3763353],[11.8264161,52.3763065],[11.8263349,52.3762846],[11.8262631,52.3762511],[11.826163,52.3762085],[11.8260969,52.3761946],[11.8260415,52.3762012],[11.8260836,52.3761381],[11.8261516,52.3761301],[11.8262385,52.3761347],[11.8262706,52.376152],[11.8262536,52.3761877],[11.8263111,52.3762157],[11.8262946,52.3762425],[11.8266248,52.3763184],[11.8266602,52.3762609],[11.8266646,52.3762619],[11.8267887,52.3760608],[11.8267785,52.3760585],[11.8268082,52.3760105],[11.8266744,52.3759797],[11.8267089,52.375934],[11.8266597,52.3758868],[11.8265389,52.3758602],[11.8265237,52.3758418],[11.8265691,52.3757622],[11.8265942,52.3756769],[11.8266182,52.3756821],[11.8266823,52.3755713]]]}},{"type":"Feature","id":"way/1220378360","properties":{"natural":"grassland","id":"way/1220378360"},"geometry":{"type":"Polygon","coordinates":[[[11.8258441,52.3762955],[11.8256461,52.3762558],[11.8256662,52.3761935],[11.8256908,52.3761208],[11.8257909,52.3759398],[11.8258721,52.3758383],[11.8258551,52.3757588],[11.8257701,52.3757253],[11.8256419,52.3756882],[11.8256875,52.3756078],[11.82571,52.3756009],[11.8257459,52.3756059],[11.8258362,52.3756273],[11.8259911,52.3756792],[11.8260799,52.3757196],[11.8261913,52.3757841],[11.8262102,52.3758845],[11.8261535,52.3759686],[11.8260648,52.376047],[11.8260024,52.3761151],[11.8259193,52.3761727],[11.8258815,52.37622],[11.8258441,52.3762955]]]}},{"type":"Feature","id":"way/1220378361","properties":{"natural":"wood","id":"way/1220378361"},"geometry":{"type":"Polygon","coordinates":[[[11.8263951,52.3763588],[11.8263481,52.3763492],[11.8261148,52.3763497],[11.8259066,52.376308],[11.8259155,52.3762765],[11.8259231,52.3762385],[11.8259703,52.3762096],[11.8260415,52.3762012],[11.8260969,52.3761946],[11.826163,52.3762085],[11.8262631,52.3762511],[11.8263349,52.3762846],[11.8264161,52.3763065],[11.826435,52.3763353],[11.8263951,52.3763588]]]}},{"type":"Feature","id":"way/1220378362","properties":{"natural":"wood","id":"way/1220378362"},"geometry":{"type":"Polygon","coordinates":[[[11.8256461,52.3762558],[11.825482,52.3762229],[11.8254019,52.3761109],[11.8256419,52.3756882],[11.8257701,52.3757253],[11.8258551,52.3757588],[11.8258721,52.3758383],[11.8257909,52.3759398],[11.8256908,52.3761208],[11.8256662,52.3761935],[11.8256461,52.3762558]]]}},{"type":"Feature","id":"way/1220378363","properties":{"natural":"grassland","id":"way/1220378363"},"geometry":{"type":"Polygon","coordinates":[[[11.8274776,52.3766033],[11.8291361,52.376987],[11.8291521,52.3769905],[11.8291247,52.3769949],[11.8287526,52.3769165],[11.8275843,52.3766565],[11.8272066,52.3765763],[11.8261148,52.3763497],[11.8263481,52.3763492],[11.8263951,52.3763588],[11.8266241,52.3764058],[11.8273651,52.3765773],[11.8274002,52.3765498],[11.827676,52.3761404],[11.8278497,52.375813],[11.8278894,52.3756804],[11.8278686,52.375587],[11.8276986,52.3754486],[11.8275456,52.3753955],[11.8273057,52.375331],[11.8272774,52.3752479],[11.8273265,52.3751707],[11.8273775,52.3751038],[11.8274455,52.3751096],[11.8275645,52.3751834],[11.82771,52.375241],[11.827812,52.3752445],[11.8279234,52.3752502],[11.8280745,52.3753033],[11.8280783,52.3753759],[11.8280821,52.3754324],[11.8281501,52.375497],[11.8282577,52.375482],[11.8283597,52.3754324],[11.8284712,52.3754313],[11.8287318,52.375512],[11.8287186,52.3755812],[11.8286128,52.3756008],[11.8284825,52.3756089],[11.8283937,52.3756377],[11.8284485,52.3756896],[11.8285826,52.3757126],[11.8286223,52.3757219],[11.8285694,52.3757968],[11.8285335,52.3758406],[11.8283994,52.3758406],[11.8283314,52.3758026],[11.8281897,52.375723],[11.8280858,52.3757149],[11.828033,52.3757403],[11.8278781,52.3759294],[11.8276231,52.3763572],[11.8274776,52.3766033]]]}},{"type":"Feature","id":"way/1220378364","properties":{"natural":"wood","id":"way/1220378364"},"geometry":{"type":"Polygon","coordinates":[[[11.8269192,52.3765614],[11.8270976,52.3766028],[11.8270942,52.3766164],[11.827047,52.3766934],[11.827028,52.3767038],[11.8269497,52.3766864],[11.826876,52.3766741],[11.8268713,52.3766547],[11.826877,52.376623],[11.8269157,52.3765786],[11.8269192,52.3765614]]]}},{"type":"Feature","id":"way/1220378365","properties":{"natural":"grassland","id":"way/1220378365"},"geometry":{"type":"Polygon","coordinates":[[[11.8270976,52.3766028],[11.827165,52.3766184],[11.8272302,52.3766345],[11.8272774,52.3766495],[11.8272925,52.3766726],[11.8272529,52.3766712],[11.8272093,52.3766608],[11.8272189,52.3766461],[11.8270942,52.3766164],[11.8270976,52.3766028]]]}},{"type":"Feature","id":"way/1220378366","properties":{"natural":"grassland","id":"way/1220378366"},"geometry":{"type":"Polygon","coordinates":[[[11.827047,52.3766934],[11.8271693,52.3767228],[11.8271771,52.3767107],[11.8272248,52.3767199],[11.8272028,52.3767291],[11.8271131,52.3767228],[11.827028,52.3767038],[11.827047,52.3766934]]]}},{"type":"Feature","id":"way/1220378367","properties":{"building":"yes","id":"way/1220378367"},"geometry":{"type":"Polygon","coordinates":[[[11.8272189,52.3766461],[11.8272093,52.3766608],[11.8271771,52.3767107],[11.8271693,52.3767228],[11.827047,52.3766934],[11.8270942,52.3766164],[11.8272189,52.3766461]]]}},{"type":"Feature","id":"way/1220378368","properties":{"natural":"wood","id":"way/1220378368"},"geometry":{"type":"Polygon","coordinates":[[[11.8267124,52.3766554],[11.8266409,52.3766513],[11.8264981,52.3766204],[11.8263953,52.3765619],[11.8262536,52.3765014],[11.8260921,52.3764258],[11.8259656,52.3763705],[11.8267965,52.3765351],[11.8268052,52.3765556],[11.8267636,52.3766173],[11.8267124,52.3766554]]]}},{"type":"Feature","id":"way/1220378369","properties":{"natural":"grassland","id":"way/1220378369"},"geometry":{"type":"Polygon","coordinates":[[[11.826876,52.3766741],[11.826791,52.3766599],[11.8267124,52.3766554],[11.8267636,52.3766173],[11.8268052,52.3765556],[11.8267965,52.3765351],[11.826859,52.3765475],[11.8269192,52.3765614],[11.8269157,52.3765786],[11.826877,52.376623],[11.8268713,52.3766547],[11.826876,52.3766741]]]}},{"type":"Feature","id":"way/1220378370","properties":{"natural":"wood","id":"way/1220378370"},"geometry":{"type":"Polygon","coordinates":[[[11.8255742,52.3764183],[11.825279,52.376352],[11.8252648,52.3763402],[11.8252934,52.3762927],[11.825329,52.3762331],[11.8255311,52.3762742],[11.8257418,52.3763163],[11.825771,52.3763474],[11.8257361,52.3763987],[11.8256738,52.3764183],[11.8255742,52.3764183]]]}},{"type":"Feature","id":"way/1220378371","properties":{"natural":"grassland","id":"way/1220378371"},"geometry":{"type":"Polygon","coordinates":[[[11.8257418,52.3763163],[11.8258239,52.3763405],[11.8259193,52.3763953],[11.8260308,52.3764431],[11.8261611,52.3765031],[11.8263411,52.3765864],[11.8258286,52.3764754],[11.8255742,52.3764183],[11.8256738,52.3764183],[11.8257361,52.3763987],[11.825771,52.3763474],[11.8257418,52.3763163]]]}},{"type":"Feature","id":"way/1220378374","properties":{"natural":"wood","id":"way/1220378374"},"geometry":{"type":"Polygon","coordinates":[[[11.827334,52.3768394],[11.8273858,52.3767749],[11.8274576,52.3767262],[11.8275333,52.3767177],[11.8276523,52.3767415],[11.82764,52.3767603],[11.8275802,52.3767621],[11.8275134,52.3767627],[11.8274775,52.376784],[11.8274416,52.3768291],[11.8274087,52.3768546],[11.8273748,52.3768601],[11.827334,52.3768394]]]}},{"type":"Feature","id":"way/1220378375","properties":{"natural":"wood","id":"way/1220378375"},"geometry":{"type":"Polygon","coordinates":[[[11.8274234,52.3769598],[11.8273369,52.3770907],[11.8270502,52.3775137],[11.827019,52.3775149],[11.8269731,52.3775331],[11.8269253,52.3775325],[11.8268954,52.3775185],[11.8268994,52.3774796],[11.8271343,52.3771335],[11.827326,52.3769398],[11.8273808,52.3768936],[11.8274147,52.3769003],[11.8274207,52.3769368],[11.8274234,52.3769598]]]}},{"type":"Feature","id":"way/1220378376","properties":{"natural":"grassland","id":"way/1220378376"},"geometry":{"type":"Polygon","coordinates":[[[11.8270502,52.3775137],[11.8269211,52.3777042],[11.8268834,52.3777011],[11.8268306,52.377684],[11.8267715,52.3776736],[11.8268994,52.3774796],[11.8268954,52.3775185],[11.8269253,52.3775325],[11.8269731,52.3775331],[11.827019,52.3775149],[11.8270502,52.3775137]]]}},{"type":"Feature","id":"way/1220378377","properties":{"natural":"wood","id":"way/1220378377"},"geometry":{"type":"Polygon","coordinates":[[[11.8269211,52.3777042],[11.8267643,52.3779355],[11.8266018,52.3781729],[11.8265829,52.3781684],[11.8265684,52.3781738],[11.8265405,52.3781811],[11.8264937,52.3781526],[11.8264708,52.3781154],[11.8264817,52.3780941],[11.8266741,52.3778215],[11.8267715,52.3776736],[11.8268306,52.377684],[11.8268834,52.3777011],[11.8269211,52.3777042]]]}},{"type":"Feature","id":"way/1220378378","properties":{"natural":"grassland","id":"way/1220378378"},"geometry":{"type":"Polygon","coordinates":[[[11.8266018,52.3781729],[11.82733,52.378517],[11.8273748,52.3785359],[11.8273579,52.3785408],[11.827317,52.3785402],[11.8271605,52.3784763],[11.826696,52.3782511],[11.8265405,52.3781811],[11.8265684,52.3781738],[11.8265829,52.3781684],[11.8266018,52.3781729]]]}},{"type":"Feature","id":"way/1220378383","properties":{"natural":"grassland","id":"way/1220378383"},"geometry":{"type":"Polygon","coordinates":[[[11.8273369,52.3770907],[11.8274234,52.3769598],[11.8275463,52.3767737],[11.8283846,52.3769739],[11.8284632,52.376993],[11.8290494,52.3771352],[11.8290011,52.3771976],[11.8288193,52.3774674],[11.8285683,52.3774045],[11.8280024,52.378247],[11.8282535,52.3783099],[11.8280285,52.3786929],[11.8275505,52.3786166],[11.8274522,52.3785685],[11.8273748,52.3785359],[11.82733,52.378517],[11.8266018,52.3781729],[11.8267643,52.3779355],[11.827012,52.3779981],[11.8275847,52.3771533],[11.8273369,52.3770907]]]}},{"type":"Feature","id":"way/1220378384","properties":{"natural":"grassland","id":"way/1220378384"},"geometry":{"type":"Polygon","coordinates":[[[11.8283846,52.3769739],[11.8275463,52.3767737],[11.8274234,52.3769598],[11.8274207,52.3769368],[11.8274147,52.3769003],[11.8273808,52.3768936],[11.827326,52.3769398],[11.8271343,52.3771335],[11.827334,52.3768394],[11.8273748,52.3768601],[11.8274087,52.3768546],[11.8274416,52.3768291],[11.8274775,52.376784],[11.8275134,52.3767627],[11.8275802,52.3767621],[11.82764,52.3767603],[11.8276523,52.3767415],[11.8283826,52.376893],[11.8284025,52.3769404],[11.8283846,52.3769739]]]}},{"type":"Feature","id":"way/1220382059","properties":{"natural":"grassland","id":"way/1220382059"},"geometry":{"type":"Polygon","coordinates":[[[11.8328198,52.3778073],[11.8327456,52.3777845],[11.8328062,52.3775149],[11.8332439,52.3775477],[11.8331844,52.3778156],[11.8339089,52.3778755],[11.8339683,52.3776077],[11.8340641,52.3775322],[11.8341416,52.3775541],[11.8343682,52.3776291],[11.834474,52.3776925],[11.834457,52.3778655],[11.8344343,52.3779024],[11.8343418,52.3779358],[11.834253,52.3778632],[11.8341756,52.3778343],[11.8340452,52.3778793],[11.8339904,52.3779116],[11.8338431,52.3779289],[11.8337033,52.377915],[11.8334597,52.3779139],[11.833301,52.3779104],[11.8331348,52.3779001],[11.8330838,52.3778562],[11.8330403,52.3778043],[11.832978,52.3777824],[11.832961,52.3777317],[11.832978,52.3776729],[11.8330252,52.3776152],[11.833029,52.3775657],[11.8329723,52.3775749],[11.8328685,52.3776487],[11.8328382,52.3777271],[11.8328198,52.3778073]]]}},{"type":"Feature","id":"way/1220382060","properties":{"natural":"grassland","id":"way/1220382060"},"geometry":{"type":"Polygon","coordinates":[[[11.834129,52.3773211],[11.8341076,52.3774204],[11.8340641,52.3775322],[11.8339262,52.3775449],[11.8337902,52.3775336],[11.8338091,52.3775242],[11.8338601,52.3775069],[11.8339583,52.3774711],[11.8339961,52.3773892],[11.8339659,52.3773154],[11.8338884,52.3772901],[11.8337959,52.3772647],[11.8338091,52.3772463],[11.8338884,52.3772082],[11.8340056,52.377199],[11.834066,52.3771482],[11.8340754,52.3770491],[11.8340188,52.376898],[11.8338544,52.3767781],[11.8340433,52.3767597],[11.8340924,52.3768588],[11.8341718,52.3769257],[11.834194,52.3770102],[11.834129,52.3773211]]]}},{"type":"Feature","id":"way/1220382061","properties":{"natural":"wood","id":"way/1220382061"},"geometry":{"type":"Polygon","coordinates":[[[11.8337902,52.3775336],[11.8335757,52.3775159],[11.8336183,52.3774377],[11.8336183,52.37735],[11.8336089,52.377267],[11.8336127,52.3771736],[11.8336032,52.3770606],[11.8335957,52.3770399],[11.8334616,52.3770456],[11.8334465,52.377101],[11.8334219,52.3771817],[11.8333973,52.3771955],[11.8332821,52.3772428],[11.8332916,52.3772739],[11.8333917,52.3772947],[11.8334427,52.3773074],[11.833488,52.3773743],[11.8334805,52.3774342],[11.8334709,52.3775072],[11.8333672,52.3774986],[11.8333841,52.377455],[11.8333917,52.3773973],[11.8333067,52.3773639],[11.8332292,52.3773616],[11.8331839,52.3773881],[11.8331043,52.3774768],[11.8329892,52.3774673],[11.8329742,52.3774354],[11.8329893,52.3774019],[11.8330422,52.3773408],[11.83308,52.3772739],[11.8330951,52.3771978],[11.8330838,52.3770837],[11.8330762,52.3770422],[11.8330403,52.3769926],[11.8330045,52.3769097],[11.8331065,52.3768646],[11.8332783,52.3768358],[11.8333419,52.3767797],[11.8336083,52.3767773],[11.8337317,52.3767735],[11.8338544,52.3767781],[11.8340188,52.376898],[11.8340754,52.3770491],[11.834066,52.3771482],[11.8340056,52.377199],[11.8338884,52.3772082],[11.8338091,52.3772463],[11.8337959,52.3772647],[11.8338884,52.3772901],[11.8339659,52.3773154],[11.8339961,52.3773892],[11.8339583,52.3774711],[11.8338601,52.3775069],[11.8338091,52.3775242],[11.8337902,52.3775336]]]}},{"type":"Feature","id":"way/1220382062","properties":{"natural":"grassland","id":"way/1220382062"},"geometry":{"type":"Polygon","coordinates":[[[11.8335757,52.3775159],[11.8334709,52.3775072],[11.8334805,52.3774342],[11.833488,52.3773743],[11.8334427,52.3773074],[11.8333917,52.3772947],[11.8332916,52.3772739],[11.8332821,52.3772428],[11.8333973,52.3771955],[11.8334219,52.3771817],[11.8334465,52.377101],[11.8334616,52.3770456],[11.8335957,52.3770399],[11.8336032,52.3770606],[11.8336127,52.3771736],[11.8336089,52.377267],[11.8336183,52.37735],[11.8336183,52.3774377],[11.8335757,52.3775159]]]}},{"type":"Feature","id":"way/1220382063","properties":{"natural":"grassland","id":"way/1220382063"},"geometry":{"type":"Polygon","coordinates":[[[11.8333672,52.3774986],[11.8331043,52.3774768],[11.8331839,52.3773881],[11.8332292,52.3773616],[11.8333067,52.3773639],[11.8333917,52.3773973],[11.8333841,52.377455],[11.8333672,52.3774986]]]}},{"type":"Feature","id":"way/1220382064","properties":{"natural":"grassland","id":"way/1220382064"},"geometry":{"type":"Polygon","coordinates":[[[11.8329892,52.3774673],[11.8328199,52.3774532],[11.8328939,52.3771284],[11.8329723,52.377101],[11.8329931,52.3770364],[11.8330045,52.3769097],[11.8330403,52.3769926],[11.8330762,52.3770422],[11.8330838,52.3770837],[11.8330951,52.3771978],[11.83308,52.3772739],[11.8330422,52.3773408],[11.8329893,52.3774019],[11.8329742,52.3774354],[11.8329892,52.3774673]]]}},{"type":"Feature","id":"way/1220382065","properties":{"natural":"grassland","id":"way/1220382065"},"geometry":{"type":"Polygon","coordinates":[[[11.8329141,52.3769498],[11.8328939,52.3771284],[11.8321468,52.3770662],[11.8320071,52.3770572],[11.8320071,52.3770445],[11.8320147,52.3770168],[11.8320506,52.3769476],[11.8321205,52.3768853],[11.8322338,52.3768427],[11.8327816,52.3767124],[11.8328477,52.3767112],[11.832893,52.3767251],[11.8329176,52.3767447],[11.8329327,52.3767712],[11.8329141,52.3769498]]]}},{"type":"Feature","id":"way/1220382066","properties":{"natural":"scrub","id":"way/1220382066"},"geometry":{"type":"Polygon","coordinates":[[[11.8313891,52.3758463],[11.8316067,52.3757311],[11.8317314,52.3756757],[11.8318862,52.3756688],[11.8320562,52.3756596],[11.8319051,52.3758118],[11.8317994,52.375911],[11.8317011,52.3760032],[11.8315614,52.3760055],[11.8314792,52.3760245],[11.8315568,52.376178],[11.8316105,52.3762039],[11.8316199,52.3762315],[11.8315859,52.37628],[11.8315028,52.3763065],[11.8314084,52.3763307],[11.8311987,52.376333],[11.8311005,52.376265],[11.8309664,52.3762223],[11.8310967,52.3761866],[11.8311496,52.3761231],[11.8311779,52.3759928],[11.8311458,52.3759237],[11.8311137,52.3758579],[11.8310755,52.3758053],[11.8313891,52.3758463]]]}},{"type":"Feature","id":"way/1220382067","properties":{"natural":"grassland","id":"way/1220382067"},"geometry":{"type":"Polygon","coordinates":[[[11.8317068,52.3773789],[11.8307945,52.3773085],[11.8308134,52.3772486],[11.8308719,52.3771344],[11.8309418,52.3770583],[11.8310041,52.3770156],[11.8310457,52.3770018],[11.8311288,52.3769926],[11.8317011,52.3770295],[11.8318088,52.3770422],[11.8318711,52.3770652],[11.8319146,52.3771286],[11.8319127,52.377199],[11.8318881,52.3772716],[11.8318409,52.3773247],[11.8317805,52.3773581],[11.8317068,52.3773789]]]}},{"type":"Feature","id":"way/1220382068","properties":{"natural":"grassland","id":"way/1220382068"},"geometry":{"type":"Polygon","coordinates":[[[11.8321377,52.3771206],[11.83209,52.3774043],[11.8319826,52.3774019],[11.8319618,52.3773823],[11.8320147,52.3771183],[11.8321377,52.3771206]]]}},{"type":"Feature","id":"way/1220382069","properties":{"natural":"grassland","id":"way/1220382069"},"geometry":{"type":"Polygon","coordinates":[[[11.8306755,52.3773016],[11.8304828,52.3772843],[11.8303298,52.3772555],[11.8298693,52.3771581],[11.8297953,52.3771332],[11.8297669,52.3770468],[11.8298066,52.3769822],[11.8298387,52.3769153],[11.8298558,52.3769002],[11.8298343,52.3767675],[11.8299237,52.37677],[11.8303204,52.3768],[11.830581,52.3768496],[11.8308436,52.3768531],[11.8309324,52.3768312],[11.8309985,52.3767689],[11.8308719,52.3767101],[11.8308719,52.3766363],[11.8307246,52.3766063],[11.8306434,52.3766086],[11.8305433,52.3766305],[11.8303884,52.3765971],[11.830292,52.376657],[11.8302278,52.3766985],[11.8301145,52.3766951],[11.8298487,52.3766607],[11.8298406,52.376574],[11.8297872,52.3765032],[11.8297046,52.3764437],[11.8296007,52.3764483],[11.8295629,52.3764552],[11.8296867,52.3763231],[11.8297537,52.3762454],[11.8298349,52.3761969],[11.8299426,52.3761681],[11.8300559,52.3761566],[11.8302146,52.3761508],[11.830479,52.3761785],[11.8308115,52.3762258],[11.8309097,52.3762454],[11.8310306,52.3762938],[11.8311194,52.3763411],[11.8311817,52.3764057],[11.8312157,52.3764772],[11.83121,52.3765544],[11.8311345,52.3766536],[11.831057,52.3767493],[11.8309494,52.3769246],[11.8308927,52.3770053],[11.8307983,52.3771379],[11.8306755,52.3773016]]]}},{"type":"Feature","id":"way/1220382070","properties":{"natural":"grassland","id":"way/1220382070"},"geometry":{"type":"Polygon","coordinates":[[[11.8317276,52.3777721],[11.8317899,52.3774377],[11.8320782,52.377466],[11.8320161,52.3777258],[11.8327456,52.3777845],[11.8328198,52.3778073],[11.832962,52.3778509],[11.833029,52.3778689],[11.8330498,52.3779658],[11.8333388,52.3779935],[11.8335509,52.3780195],[11.8336808,52.3782909],[11.8336108,52.3783578],[11.8335126,52.3783013],[11.8333463,52.3782575],[11.8331291,52.3782679],[11.8327355,52.3783161],[11.8326191,52.3783982],[11.8325171,52.3784431],[11.8325171,52.3784916],[11.8325398,52.3785262],[11.832485,52.3785896],[11.832434,52.3786253],[11.832383,52.3786761],[11.8323585,52.3786103],[11.8323377,52.3785573],[11.8323358,52.3785077],[11.8323698,52.3784697],[11.8324718,52.3784097],[11.8325965,52.3783324],[11.8327088,52.3782517],[11.8327608,52.3781877],[11.8327702,52.3781197],[11.832758,52.3780817],[11.8326323,52.3780528],[11.8323282,52.3779802],[11.8319561,52.3778822],[11.8318116,52.3778343],[11.8317474,52.377802],[11.8317276,52.3777721]]]}},{"type":"Feature","id":"way/1220382071","properties":{"natural":"grassland","id":"way/1220382071"},"geometry":{"type":"Polygon","coordinates":[[[11.831703,52.3778574],[11.8317351,52.3778574],[11.8317937,52.3778747],[11.8320015,52.37793],[11.8323849,52.3780327],[11.8326153,52.3780776],[11.8326739,52.3781064],[11.8327003,52.3781468],[11.8326985,52.3781826],[11.832621,52.3782702],[11.8324718,52.3783636],[11.832349,52.3784454],[11.832281,52.3784674],[11.8321904,52.37848],[11.832128,52.3784604],[11.8320468,52.3784212],[11.8318428,52.3783567],[11.8317144,52.3782967],[11.831669,52.3782725],[11.831652,52.3782218],[11.8316407,52.3781629],[11.8316822,52.3779427],[11.831703,52.3778574]]]}},{"type":"Feature","id":"way/1220382072","properties":{"natural":"wood","id":"way/1220382072"},"geometry":{"type":"Polygon","coordinates":[[[11.8327355,52.3783161],[11.8331291,52.3782679],[11.8333463,52.3782575],[11.8335126,52.3783013],[11.8336108,52.3783578],[11.8336467,52.378397],[11.8337033,52.3784708],[11.8337713,52.3785976],[11.8338526,52.3786611],[11.8339883,52.3787534],[11.8340476,52.3787785],[11.834158,52.3788218],[11.8342222,52.3788499],[11.8342815,52.3789163],[11.8343145,52.3789646],[11.8343161,52.3790108],[11.8342898,52.379044],[11.8342354,52.3790561],[11.833667,52.3790209],[11.8326424,52.3789947],[11.8322624,52.3790015],[11.8323207,52.3789032],[11.8323434,52.378849],[11.8323528,52.3787914],[11.8323604,52.3787279],[11.832383,52.3786761],[11.832434,52.3786253],[11.832485,52.3785896],[11.8325398,52.3785262],[11.8325171,52.3784916],[11.8325171,52.3784431],[11.8326191,52.3783982],[11.8327355,52.3783161]]]}},{"type":"Feature","id":"way/1220382073","properties":{"natural":"wood","id":"way/1220382073"},"geometry":{"type":"Polygon","coordinates":[[[11.8321465,52.3790108],[11.8320987,52.37904],[11.8320163,52.3790933],[11.8318368,52.3791768],[11.8317066,52.3792069],[11.8315864,52.379219],[11.8313771,52.3792321],[11.8311135,52.3792391],[11.8310229,52.3792552],[11.8308895,52.3793175],[11.8307874,52.3794322],[11.8307478,52.3795307],[11.8307363,52.3796675],[11.8306967,52.3797439],[11.8306276,52.3798344],[11.8305551,52.3799179],[11.8304859,52.3799521],[11.8299182,52.3796933],[11.8292528,52.3793821],[11.8281391,52.3788835],[11.8276611,52.3786723],[11.8275188,52.3786216],[11.8274441,52.3785854],[11.8274522,52.3785685],[11.8275505,52.3786166],[11.8280285,52.3786929],[11.8282535,52.3783099],[11.8288193,52.3774674],[11.8290011,52.3771976],[11.8292139,52.3771582],[11.8297412,52.3772626],[11.8295958,52.3774952],[11.8294915,52.3776211],[11.8294633,52.3776552],[11.8290773,52.378121],[11.8292024,52.3782593],[11.8313005,52.3782411],[11.8315889,52.3782605],[11.831635,52.3783232],[11.8317842,52.3784051],[11.8319996,52.3784789],[11.8321941,52.3785561],[11.8322489,52.3786173],[11.8322735,52.3786968],[11.8322621,52.3787752],[11.8321922,52.378909],[11.8321465,52.3790108]]]}},{"type":"Feature","id":"way/1220382074","properties":{"natural":"grassland","id":"way/1220382074"},"geometry":{"type":"Polygon","coordinates":[[[11.8315889,52.3782605],[11.8313005,52.3782411],[11.8292024,52.3782593],[11.8290773,52.378121],[11.8294633,52.3776552],[11.829799,52.3776971],[11.8316426,52.3778459],[11.8315972,52.3780649],[11.8315821,52.3782033],[11.8315889,52.3782605]]]}},{"type":"Feature","id":"way/1220382075","properties":{"natural":"grassland","id":"way/1220382075"},"geometry":{"type":"Polygon","coordinates":[[[11.8294915,52.3776211],[11.8295958,52.3774952],[11.8297412,52.3772626],[11.8292139,52.3771582],[11.8290011,52.3771976],[11.8290494,52.3771352],[11.8284632,52.376993],[11.8284733,52.3769733],[11.8285032,52.3769648],[11.828571,52.376955],[11.828652,52.3769514],[11.8292079,52.3770719],[11.8298359,52.3772051],[11.8302014,52.3772866],[11.8304224,52.3773374],[11.8317295,52.3774354],[11.8316539,52.377817],[11.8302316,52.3777006],[11.8296649,52.377651],[11.8294915,52.3776211]]]}},{"type":"Feature","id":"way/1220382076","properties":{"natural":"scrub","id":"way/1220382076"},"geometry":{"type":"Polygon","coordinates":[[[11.8298343,52.3767675],[11.8298487,52.3766607],[11.8301145,52.3766951],[11.8302278,52.3766985],[11.830292,52.376657],[11.8303884,52.3765971],[11.8305433,52.3766305],[11.8306434,52.3766086],[11.8307246,52.3766063],[11.8308719,52.3766363],[11.8308719,52.3767101],[11.8309985,52.3767689],[11.8309324,52.3768312],[11.8308436,52.3768531],[11.830581,52.3768496],[11.8303204,52.3768],[11.8299237,52.37677],[11.8298343,52.3767675]]]}},{"type":"Feature","id":"way/1220382077","properties":{"natural":"wood","id":"way/1220382077"},"geometry":{"type":"Polygon","coordinates":[[[11.8297046,52.3764437],[11.8297872,52.3765032],[11.8298406,52.376574],[11.8298487,52.3766607],[11.8298343,52.3767675],[11.8298558,52.3769002],[11.8298387,52.3769153],[11.8298066,52.3769822],[11.8297669,52.3770468],[11.8297953,52.3771332],[11.8292459,52.3770113],[11.8292891,52.3769603],[11.8293476,52.3769096],[11.8294118,52.376815],[11.829442,52.3766905],[11.8295629,52.3764552],[11.8296007,52.3764483],[11.8297046,52.3764437]]]}},{"type":"Feature","id":"way/1413444199","properties":{"building":"ruins","ruins":"wall","id":"way/1413444199"},"geometry":{"type":"Polygon","coordinates":[[[11.829388,52.3816516],[11.8293864,52.3818414],[11.8290147,52.3818402],[11.8290163,52.3816504],[11.829388,52.3816516]]]}},{"type":"Feature","id":"way/126713380","properties":{"highway":"track","surface":"grass","tracktype":"grade3","width":"3","id":"way/126713380"},"geometry":{"type":"LineString","coordinates":[[11.8480499,52.3774809],[11.8479697,52.3774896],[11.847589,52.3774793],[11.847454,52.3774822],[11.8473337,52.377495],[11.8471897,52.377541],[11.8470445,52.3775804],[11.8469412,52.3776005],[11.8467492,52.3776216],[11.8466328,52.3776322],[11.8465573,52.3776437],[11.8465156,52.3776619],[11.8464724,52.3777052],[11.8464346,52.377783],[11.8462899,52.3779126],[11.846142,52.3780375],[11.8459927,52.378143],[11.8455869,52.3783228],[11.8453396,52.3783976],[11.8450228,52.378496],[11.844506,52.3786613],[11.8441112,52.3787646],[11.8433781,52.3789597],[11.8427107,52.3791605],[11.8421292,52.3793478],[11.8416768,52.3795506],[11.8409719,52.3797801],[11.8405207,52.3799178],[11.840142,52.3799666],[11.8399887,52.3799402],[11.8398687,52.37988],[11.8397642,52.3797488],[11.8397696,52.379593],[11.8397611,52.3794354],[11.8397859,52.379134],[11.839977,52.3788883],[11.8401191,52.3787056],[11.840257,52.3785564],[11.8405626,52.3779704],[11.8407479,52.3776094],[11.8408449,52.3774737],[11.8410238,52.3773247],[11.8411586,52.3773151],[11.8413175,52.3772907],[11.8414563,52.3771804],[11.8415812,52.3770272],[11.8417136,52.3769113],[11.8418031,52.3768044],[11.8418557,52.3766913],[11.8420094,52.3761642],[11.842126,52.3756874],[11.8423081,52.3750871],[11.8424371,52.3748086],[11.8426205,52.3744855],[11.8429615,52.3738405],[11.8433288,52.3730996],[11.8434754,52.3728378],[11.8437484,52.3725135],[11.8438389,52.3723857],[11.8438624,52.3723047],[11.8438672,52.3722347],[11.8439285,52.3721305],[11.8440246,52.3720659],[11.8442123,52.3719829]]}},{"type":"Feature","id":"way/165493806","properties":{"access":"private","highway":"service","id":"way/165493806"},"geometry":{"type":"LineString","coordinates":[[11.8207877,52.3827316],[11.8209946,52.3826678],[11.8211095,52.3825798],[11.8211843,52.3824359]]}},{"type":"Feature","id":"way/165493808","properties":{"access":"private","highway":"service","id":"way/165493808"},"geometry":{"type":"LineString","coordinates":[[11.8285409,52.3815863],[11.8278608,52.3815578],[11.8271851,52.381527]]}},{"type":"Feature","id":"way/165493809","properties":{"access":"private","highway":"service","id":"way/165493809"},"geometry":{"type":"LineString","coordinates":[[11.82797,52.3827201],[11.8281811,52.3826923],[11.8283183,52.3826447],[11.8284179,52.3825819],[11.8285289,52.3825207]]}},{"type":"Feature","id":"way/165493810","properties":{"access":"private","highway":"service","id":"way/165493810"},"geometry":{"type":"LineString","coordinates":[[11.8211597,52.3785091],[11.8212155,52.3784198],[11.8212703,52.378371],[11.8213684,52.3783173],[11.8216216,52.3782857]]}},{"type":"Feature","id":"way/165493811","properties":{"access":"private","highway":"service","name":"Feige","id":"way/165493811"},"geometry":{"type":"LineString","coordinates":[[11.8208546,52.3780995],[11.8216216,52.3782857],[11.8217641,52.3783191],[11.8228441,52.3785844],[11.8243982,52.3789623],[11.8254159,52.3791986],[11.8256866,52.3792446]]}},{"type":"Feature","id":"way/165493812","properties":{"access":"private","highway":"service","name":"Feige","id":"way/165493812"},"geometry":{"type":"LineString","coordinates":[[11.8208546,52.3780995],[11.819918,52.3778709],[11.8196164,52.3777973],[11.8193769,52.3777402],[11.8183912,52.377498],[11.8157809,52.3768633],[11.8148827,52.3766461],[11.8131213,52.3762175],[11.8094132,52.375311],[11.8093359,52.3752924],[11.8086792,52.3751317],[11.8080235,52.3749703],[11.8049026,52.3742125],[11.803192,52.3737972]]}},{"type":"Feature","id":"way/165493814","properties":{"access":"private","highway":"service","name":"Litschi","id":"way/165493814"},"geometry":{"type":"LineString","coordinates":[[11.8066019,52.3827147],[11.8070208,52.3827544],[11.8076678,52.3827527],[11.8097874,52.3827589],[11.8127806,52.3827534],[11.8145118,52.3827383],[11.814812,52.3827372],[11.8152436,52.3827398],[11.817176,52.3827298],[11.8207877,52.3827316],[11.821597,52.3827323],[11.8239788,52.3827275],[11.82797,52.3827201],[11.8282737,52.3827624],[11.8284147,52.3828613],[11.8285096,52.3829542]]}},{"type":"Feature","id":"way/246087573","properties":{"access":"private","highway":"service","id":"way/246087573"},"geometry":{"type":"LineString","coordinates":[[11.8128003,52.3862869],[11.8127999,52.3861233],[11.812796,52.3859466],[11.812819,52.3856556],[11.8128196,52.3852957],[11.8128074,52.3833882],[11.8127806,52.3827534]]}},{"type":"Feature","id":"way/246087578","properties":{"access":"private","highway":"service","name":"Kiwi","id":"way/246087578"},"geometry":{"type":"LineString","coordinates":[[11.8285637,52.3862397],[11.8285657,52.386111],[11.8285541,52.3842541],[11.8285473,52.3840005],[11.8285096,52.3829542],[11.8285289,52.3825207],[11.8285409,52.3815863],[11.828536,52.3814441],[11.8285037,52.3813076]]}},{"type":"Feature","id":"way/370457767","properties":{"highway":"service","id":"way/370457767"},"geometry":{"type":"LineString","coordinates":[[11.8197994,52.3752505],[11.821575,52.3756282],[11.8225809,52.3758153],[11.8249375,52.376303],[11.8251929,52.3763511],[11.8253025,52.3762081],[11.8258483,52.3752656],[11.8258605,52.3752298],[11.8258582,52.375198],[11.8258339,52.3751373]]}},{"type":"Feature","id":"way/370457771","properties":{"highway":"service","id":"way/370457771"},"geometry":{"type":"LineString","coordinates":[[11.8234556,52.3750777],[11.820312,52.3743834],[11.8197994,52.3752505],[11.8196737,52.3754674],[11.8192176,52.3761985],[11.8183912,52.377498]]}},{"type":"Feature","id":"way/370457774","properties":{"access":"private","highway":"service","name":"Apple","id":"way/370457774"},"geometry":{"type":"LineString","coordinates":[[11.8273857,52.3766593],[11.8275314,52.3766581],[11.8291927,52.3770267],[11.8302715,52.377266],[11.8307299,52.3773369],[11.8317647,52.3774164],[11.832984,52.3775111],[11.8335514,52.3775535]]}},{"type":"Feature","id":"way/370457796","properties":{"highway":"service","id":"way/370457796"},"geometry":{"type":"LineString","coordinates":[[11.8157809,52.3768633],[11.8157222,52.3767803],[11.815701,52.3767387],[11.8157081,52.3766884],[11.815759,52.3765982],[11.8162126,52.3758852],[11.8169213,52.3747977]]}},{"type":"Feature","id":"way/416933907","properties":{"highway":"track","surface":"concrete","tracktype":"grade2","id":"way/416933907"},"geometry":{"type":"LineString","coordinates":[[11.8211902,52.3814149],[11.8212512,52.3814228],[11.8213027,52.3814361],[11.8213918,52.3814408],[11.8216527,52.3814338],[11.8221798,52.3814071],[11.8223713,52.3814164],[11.8226731,52.3814568],[11.8230415,52.381501],[11.8234822,52.381549]]}},{"type":"Feature","id":"way/416933913","properties":{"highway":"track","tracktype":"grade2","id":"way/416933913"},"geometry":{"type":"LineString","coordinates":[[11.8285541,52.3842541],[11.8287373,52.3841486],[11.8303901,52.3833426],[11.8319674,52.3826701],[11.8320388,52.382645],[11.8330246,52.3822123],[11.8334256,52.3819065]]}},{"type":"Feature","id":"way/416933917","properties":{"access":"private","highway":"service","id":"way/416933917"},"geometry":{"type":"LineString","coordinates":[[11.8145118,52.3827383],[11.8146899,52.3826533],[11.8150604,52.3824004],[11.8152838,52.3822264],[11.8153889,52.3821403],[11.8154317,52.382078]]}},{"type":"Feature","id":"way/416933921","properties":{"highway":"path","id":"way/416933921"},"geometry":{"type":"LineString","coordinates":[[11.8243982,52.3789623],[11.8242528,52.3791711],[11.8237729,52.3799168]]}},{"type":"Feature","id":"way/416933926","properties":{"highway":"track","id":"way/416933926"},"geometry":{"type":"LineString","coordinates":[[11.8259996,52.386249],[11.825979,52.3858384],[11.8259468,52.3851737],[11.8259841,52.3847723],[11.8259951,52.3846532],[11.8259897,52.3844043],[11.8258395,52.3842897],[11.8252548,52.3841686],[11.8243657,52.3840022],[11.8241873,52.3839688],[11.8239714,52.383931]]}},{"type":"Feature","id":"way/416933932","properties":{"highway":"path","id":"way/416933932"},"geometry":{"type":"LineString","coordinates":[[11.8365188,52.3862165],[11.8365536,52.3860709],[11.8365375,52.3857402],[11.8364785,52.3855241],[11.8365,52.3851967],[11.8364651,52.3850624],[11.8364651,52.3849904],[11.8364973,52.3845778],[11.8364946,52.3843356],[11.8364973,52.3839574],[11.8365214,52.3836709],[11.836508,52.3833762],[11.8364517,52.3830177],[11.8364664,52.3829325],[11.8364544,52.382759],[11.8365778,52.3825592],[11.836626,52.3822056],[11.8366608,52.3820444],[11.836787,52.381459],[11.8370427,52.3803913],[11.837174,52.3797739]]}},{"type":"Feature","id":"way/416933938","properties":{"highway":"track","id":"way/416933938"},"geometry":{"type":"LineString","coordinates":[[11.8334256,52.3819065],[11.8337084,52.3819152],[11.8339866,52.3817571],[11.8341217,52.3816847],[11.8341924,52.3815984],[11.8342666,52.3813867],[11.8342831,52.3812727],[11.8343029,52.3811377],[11.8343046,52.3810268],[11.8343529,52.3807583],[11.8343895,52.3806215],[11.8344314,52.3805354],[11.8344282,52.3804599],[11.8343845,52.3803704],[11.8344226,52.3802409],[11.8344936,52.3800092],[11.8345617,52.3798682],[11.8345265,52.3796285],[11.8344697,52.3794363],[11.8344223,52.3791907],[11.8344042,52.3791447],[11.8343798,52.3790825],[11.8340849,52.3790851],[11.8324325,52.3790286],[11.832204,52.3790228]]}},{"type":"Feature","id":"way/416933946","properties":{"highway":"path","id":"way/416933946"},"geometry":{"type":"LineString","coordinates":[[11.8325986,52.3862276],[11.8326363,52.3853113],[11.8326523,52.3844698],[11.8326148,52.384031],[11.8326041,52.3834875],[11.833791,52.3831734],[11.8346211,52.3829538],[11.8348786,52.3829374],[11.8358495,52.3829374],[11.8364664,52.3829325],[11.8372389,52.382908],[11.8377539,52.3828556],[11.8383118,52.3829276],[11.8390896,52.3830881],[11.8398729,52.3833631],[11.8407365,52.3836872],[11.8407473,52.3840212],[11.8407741,52.3844174],[11.840758,52.3848954],[11.8407365,52.3853767],[11.840758,52.3857369],[11.840758,52.3862026]]}},{"type":"Feature","id":"way/416933955","properties":{"highway":"track","id":"way/416933955"},"geometry":{"type":"LineString","coordinates":[[11.8304726,52.3802357],[11.8304984,52.3801455],[11.8305449,52.3800181],[11.8305817,52.3799495],[11.8307372,52.3798087],[11.8307694,52.3796319],[11.8308016,52.3794649],[11.8309035,52.3793371],[11.8310147,52.3792894],[11.8311289,52.3792815],[11.8314722,52.3792651],[11.8317607,52.3792261],[11.8320401,52.3791248],[11.832204,52.3790228],[11.8322757,52.3788791],[11.8323144,52.3787379],[11.8323396,52.3786553],[11.8323226,52.3785861],[11.8322635,52.3785147]]}},{"type":"Feature","id":"way/416933965","properties":{"highway":"path","id":"way/416933965"},"geometry":{"type":"LineString","coordinates":[[11.8259841,52.3847723],[11.8258979,52.3846642],[11.8256618,52.384602],[11.8251147,52.3845529]]}},{"type":"Feature","id":"way/416933969","properties":{"access":"private","highway":"service","id":"way/416933969"},"geometry":{"type":"LineString","coordinates":[[11.814812,52.3827372],[11.8147973,52.3828322],[11.8146773,52.3829377],[11.8144505,52.3830613],[11.8139852,52.3832633],[11.8136308,52.3834267],[11.8135196,52.3835303],[11.813534,52.3836169]]}},{"type":"Feature","id":"way/416933974","properties":{"highway":"path","id":"way/416933974"},"geometry":{"type":"LineString","coordinates":[[11.8191555,52.3842439],[11.8191877,52.3848365],[11.8191823,52.3855094],[11.8191815,52.3856036]]}},{"type":"Feature","id":"way/416933977","properties":{"access":"private","highway":"service","id":"way/416933977"},"geometry":{"type":"LineString","coordinates":[[11.817176,52.3827298],[11.8171722,52.3824102],[11.8171537,52.3822638],[11.817066,52.3821303],[11.816979,52.3820683],[11.816858,52.3820148],[11.8157095,52.3820211],[11.8155564,52.382035],[11.8154317,52.382078]]}},{"type":"Feature","id":"way/416933982","properties":{"highway":"track","id":"way/416933982"},"geometry":{"type":"LineString","coordinates":[[11.8326863,52.3780819],[11.8322228,52.3779704],[11.8318899,52.3778817],[11.8316735,52.377824],[11.8317647,52.3774164]]}},{"type":"Feature","id":"way/416933986","properties":{"highway":"track","id":"way/416933986"},"geometry":{"type":"LineString","coordinates":[[11.8243657,52.3840022],[11.8243096,52.3837968],[11.8242094,52.3836074],[11.8241997,52.3835827],[11.8241236,52.3833881],[11.8240002,52.3831818],[11.8239396,52.3830899],[11.8239473,52.383001],[11.8239885,52.3829095],[11.8239788,52.3827275]]}},{"type":"Feature","id":"way/416933991","properties":{"highway":"track","id":"way/416933991"},"geometry":{"type":"LineString","coordinates":[[11.8298049,52.3814354],[11.830027,52.3812571],[11.8301375,52.3811515],[11.8302134,52.3810104],[11.8303173,52.3808519],[11.8303711,52.3807447],[11.830442,52.3804986],[11.8304438,52.3803649],[11.8304726,52.3802357]]}},{"type":"Feature","id":"way/416933995","properties":{"highway":"track","id":"way/416933995"},"geometry":{"type":"LineString","coordinates":[[11.8322635,52.3785147],[11.8323955,52.3784275],[11.8326243,52.3782898],[11.832695,52.378228],[11.832723,52.3781831],[11.8327325,52.3781382],[11.8327221,52.3781024],[11.8326863,52.3780819]]}},{"type":"Feature","id":"way/416934001","properties":{"highway":"track","id":"way/416934001"},"geometry":{"type":"LineString","coordinates":[[11.8259897,52.3844043],[11.8260695,52.3842549],[11.8263646,52.38416],[11.8266811,52.3841043],[11.827062,52.3840748],[11.8276467,52.3840388],[11.8283333,52.383993],[11.8285473,52.3840005]]}},{"type":"Feature","id":"way/416934005","properties":{"highway":"track","id":"way/416934005"},"geometry":{"type":"LineString","coordinates":[[11.828536,52.3814441],[11.8298049,52.3814354],[11.8303544,52.381459],[11.8305364,52.3814904],[11.8307768,52.3815425],[11.8310039,52.3815878],[11.8312214,52.3816114],[11.8316287,52.3816357],[11.8320294,52.3816481],[11.8323471,52.3816484],[11.832802,52.3816852],[11.8330111,52.3817352],[11.8332714,52.3818171],[11.8334256,52.3819065]]}},{"type":"Feature","id":"way/416934010","properties":{"highway":"track","id":"way/416934010"},"geometry":{"type":"LineString","coordinates":[[11.8343845,52.3803704],[11.8341333,52.3804398],[11.8339861,52.3804625],[11.8338153,52.3804589],[11.8336182,52.38045],[11.8333458,52.3804559],[11.8330196,52.3804459],[11.8322223,52.3803825],[11.8316456,52.3803406],[11.8313195,52.3803121],[11.8311571,52.3802874],[11.8310229,52.3802437],[11.8305449,52.3800181],[11.8277693,52.3787583],[11.8270567,52.3784585],[11.8267446,52.3782897],[11.8265684,52.3782128],[11.8264737,52.3781842],[11.8263816,52.3781646]]}},{"type":"Feature","id":"way/588482073","properties":{"highway":"path","id":"way/588482073"},"geometry":{"type":"LineString","coordinates":[[11.8284342,52.3810015],[11.8283226,52.3807413],[11.8282288,52.3805647],[11.8282526,52.3804251]]}},{"type":"Feature","id":"way/588483759","properties":{"highway":"track","id":"way/588483759"},"geometry":{"type":"LineString","coordinates":[[11.8307299,52.3773369],[11.8307775,52.3772416],[11.8308384,52.3771266],[11.8309626,52.3769799],[11.8310729,52.3767593],[11.8312188,52.3766029],[11.8312478,52.3765348],[11.8312535,52.376476],[11.831243,52.3764086],[11.8311479,52.3763258],[11.8310344,52.3762684],[11.8308982,52.376218],[11.8305829,52.3761727],[11.8301995,52.3761312],[11.83001,52.3761362],[11.8298749,52.3761535],[11.8297281,52.3762367],[11.8296423,52.3763238],[11.8295535,52.3764299],[11.8294628,52.3765682],[11.8294232,52.3766824],[11.8293722,52.3767908],[11.8292985,52.3769107],[11.8292362,52.3769845],[11.8291927,52.3770267]]}},{"type":"Feature","id":"way/698236995","properties":{"highway":"track","tracktype":"grade2","id":"way/698236995"},"geometry":{"type":"LineString","coordinates":[[11.8256866,52.3792446],[11.8259225,52.3792712],[11.826635,52.3793157],[11.8270044,52.3793063]]}},{"type":"Feature","id":"way/698237001","properties":{"highway":"track","tracktype":"grade3","id":"way/698237001"},"geometry":{"type":"LineString","coordinates":[[11.8256866,52.3792446],[11.8255933,52.3794829],[11.8258318,52.379546],[11.8260068,52.3795848],[11.826108,52.3796268],[11.8261758,52.3796835],[11.8262801,52.3798215],[11.8264111,52.3800383],[11.8265485,52.3801458],[11.8271813,52.3805811],[11.8273032,52.3806221],[11.8275763,52.3806576],[11.8277262,52.3807078],[11.8279984,52.3808798],[11.8282453,52.3809489],[11.8284342,52.3810015]]}},{"type":"Feature","id":"way/698237002","properties":{"highway":"track","tracktype":"grade3","id":"way/698237002"},"geometry":{"type":"LineString","coordinates":[[11.8273032,52.3806221],[11.8272352,52.3806808],[11.8271372,52.3807358],[11.8269885,52.3808422],[11.8268237,52.380877],[11.8266536,52.3809074],[11.8262847,52.3809231],[11.825958,52.3809671],[11.8257845,52.380964]]}},{"type":"Feature","id":"way/698237003","properties":{"highway":"track","tracktype":"grade3","id":"way/698237003"},"geometry":{"type":"LineString","coordinates":[[11.8246676,52.38169],[11.8247882,52.3817094],[11.8249216,52.3816926],[11.8250267,52.3816258],[11.8250307,52.3814502],[11.8251333,52.3813347],[11.8256275,52.3813347],[11.8257588,52.3814431],[11.8264191,52.3814573],[11.8268032,52.3814857],[11.8271851,52.381527]]}},{"type":"Feature","id":"way/698237004","properties":{"highway":"track","tracktype":"grade3","id":"way/698237004"},"geometry":{"type":"LineString","coordinates":[[11.8256275,52.3813347],[11.825629,52.380961]]}},{"type":"Feature","id":"way/764588085","properties":{"highway":"track","id":"way/764588085"},"geometry":{"type":"LineString","coordinates":[[11.8319674,52.3826701],[11.8321257,52.3827107],[11.8322539,52.3827821],[11.8323988,52.3828394],[11.8325019,52.3828684],[11.8326145,52.3828678],[11.8327675,52.3828215],[11.8328842,52.3828325],[11.8330317,52.3828393],[11.8331383,52.3828004],[11.8332816,52.3827218],[11.8333938,52.3826739],[11.8335082,52.382661],[11.8336173,52.3827188],[11.8336974,52.3829045],[11.8338007,52.3831118],[11.833791,52.3831734],[11.8337868,52.3832003],[11.8338418,52.3832879],[11.8340886,52.3833698],[11.8341905,52.3833927]]}},{"type":"Feature","id":"way/854677775","properties":{"highway":"path","id":"way/854677775"},"geometry":{"type":"LineString","coordinates":[[11.8251333,52.3813347],[11.823982,52.3813266],[11.8238425,52.3813004],[11.8236333,52.3812022],[11.8236065,52.381081],[11.8236226,52.3808616],[11.8234616,52.3807503],[11.8233007,52.3806291],[11.823113,52.3804654],[11.8229735,52.3804326],[11.8228233,52.3804261],[11.8228454,52.3802126],[11.8228357,52.380111]]}},{"type":"Feature","id":"way/854677776","properties":{"access":"private","highway":"track","id":"way/854677776"},"geometry":{"type":"LineString","coordinates":[[11.8228737,52.379935],[11.8232149,52.3798334],[11.823644,52.3798661],[11.8237729,52.3799168],[11.8239053,52.3800096],[11.8239174,52.3800731],[11.8239111,52.3802566],[11.8238961,52.3804462],[11.8238858,52.3805645],[11.8238795,52.3806325],[11.8238375,52.3807108],[11.8238081,52.3808365],[11.8238564,52.3809225],[11.8238774,52.381029],[11.8238669,52.3811226]]}},{"type":"Feature","id":"way/854677777","properties":{"highway":"track","tracktype":"grade4","id":"way/854677777"},"geometry":{"type":"LineString","coordinates":[[11.8255933,52.3794829],[11.8242528,52.3791711]]}},{"type":"Feature","id":"way/854677780","properties":{"access":"private","highway":"track","id":"way/854677780"},"geometry":{"type":"LineString","coordinates":[[11.8211769,52.3801145],[11.8227299,52.3801247],[11.8228357,52.380111],[11.8228773,52.3800583],[11.8228737,52.379935]]}},{"type":"Feature","id":"way/854677784","properties":{"access":"private","highway":"track","id":"way/854677784"},"geometry":{"type":"LineString","coordinates":[[11.8153153,52.3802093],[11.8152988,52.3800354],[11.8153057,52.3798375],[11.8153304,52.3796839],[11.8153681,52.3795984],[11.8154136,52.379519],[11.8154328,52.3793734],[11.8154748,52.3792102],[11.816322,52.3779669]]}},{"type":"Feature","id":"way/854677785","properties":{"access":"private","highway":"track","id":"way/854677785"},"geometry":{"type":"LineString","coordinates":[[11.8153795,52.3812398],[11.8153434,52.3810907],[11.8153073,52.3809312],[11.815299,52.3808157],[11.8153153,52.3802093],[11.8169063,52.3802132]]}},{"type":"Feature","id":"way/854677786","properties":{"access":"private","highway":"track","id":"way/854677786"},"geometry":{"type":"LineString","coordinates":[[11.8154317,52.382078],[11.8154264,52.3814183],[11.8153795,52.3812398],[11.8178558,52.3812611]]}},{"type":"Feature","id":"way/856609848","properties":{"access":"private","highway":"track","tracktype":"grade5","id":"way/856609848"},"geometry":{"type":"LineString","coordinates":[[11.815299,52.3808157],[11.8176734,52.380819],[11.8182439,52.3803301],[11.8183833,52.380297],[11.8211824,52.3802322]]}},{"type":"Feature","id":"way/858192580","properties":{"highway":"path","id":"way/858192580"},"geometry":{"type":"LineString","coordinates":[[11.8343798,52.3790825],[11.8343361,52.3789551],[11.8342848,52.3788612],[11.834219,52.3787925],[11.8340792,52.3787383],[11.8339772,52.3787014],[11.8338433,52.3786197],[11.8336492,52.3783322],[11.8334911,52.3782511],[11.8332972,52.378201],[11.8329497,52.3781422],[11.8327221,52.3781024]]}},{"type":"Feature","id":"way/863138020","properties":{"highway":"track","id":"way/863138020"},"geometry":{"type":"LineString","coordinates":[[11.8130375,52.3777614],[11.8132469,52.3776881],[11.8134846,52.3775818],[11.8139034,52.3773778],[11.8143669,52.3771179],[11.8144976,52.3770333],[11.8146467,52.3768925],[11.8148827,52.3766461]]}},{"type":"Feature","id":"way/863138021","properties":{"highway":"service","service":"driveway","id":"way/863138021"},"geometry":{"type":"LineString","coordinates":[[11.8196164,52.3777973],[11.8194743,52.3780158],[11.8195521,52.3780352],[11.8193328,52.3783643],[11.8191581,52.3783209],[11.8193774,52.3779918],[11.8194743,52.3780158]]}},{"type":"Feature","id":"way/863138022","properties":{"access":"private","highway":"track","id":"way/863138022"},"geometry":{"type":"LineString","coordinates":[[11.8150604,52.3824004],[11.8150732,52.382533],[11.8151575,52.3826567],[11.8152436,52.3827398]]}},{"type":"Feature","id":"way/863138023","properties":{"highway":"service","service":"driveway","id":"way/863138023"},"geometry":{"type":"LineString","coordinates":[[11.813534,52.3836169],[11.814181,52.3841595],[11.8146015,52.3845043],[11.8148058,52.3844802],[11.8151303,52.3843907],[11.8153518,52.384429],[11.815578,52.3846063]]}},{"type":"Feature","id":"way/863138024","properties":{"highway":"track","id":"way/863138024"},"geometry":{"type":"LineString","coordinates":[[11.8241997,52.3835827],[11.8239714,52.383931],[11.8237313,52.3841693],[11.8235224,52.3844012]]}},{"type":"Feature","id":"way/863138025","properties":{"highway":"track","tracktype":"grade3","id":"way/863138025"},"geometry":{"type":"LineString","coordinates":[[11.8320388,52.382645],[11.8319658,52.3825853],[11.8318856,52.3825279],[11.831755,52.3824927],[11.8299473,52.38256]]}},{"type":"Feature","id":"way/863138027","properties":{"highway":"track","id":"way/863138027"},"geometry":{"type":"LineString","coordinates":[[11.8322635,52.3785147],[11.8321832,52.3784975],[11.8319606,52.3784109],[11.8318012,52.3783693],[11.8317113,52.3783247],[11.8316369,52.3782633],[11.8316214,52.3781873],[11.8316735,52.377824],[11.8303301,52.3777248],[11.8297103,52.3776764],[11.8294844,52.3776405]]}},{"type":"Feature","id":"way/863138028","properties":{"highway":"path","id":"way/863138028"},"geometry":{"type":"LineString","coordinates":[[11.8326863,52.3780819],[11.8327622,52.3779331],[11.8327972,52.3777588],[11.8328186,52.3776802],[11.832984,52.3775111]]}},{"type":"Feature","id":"way/863159196","properties":{"highway":"path","id":"way/863159196"},"geometry":{"type":"LineString","coordinates":[[11.8239714,52.383931],[11.8230661,52.3837724],[11.8224546,52.3838411],[11.8207165,52.3840441],[11.8196383,52.3841849],[11.8191555,52.3842439],[11.818088,52.3842144],[11.8165269,52.3842341],[11.815733,52.384532],[11.815578,52.3846063],[11.8146118,52.385069],[11.8133834,52.3855732],[11.812796,52.3859466]]}},{"type":"Feature","id":"way/863159197","properties":{"highway":"track","id":"way/863159197"},"geometry":{"type":"LineString","coordinates":[[11.8273857,52.3766593],[11.8272838,52.376603],[11.8253025,52.3762081]]}},{"type":"Feature","id":"way/863159203","properties":{"highway":"service","id":"way/863159203"},"geometry":{"type":"LineString","coordinates":[[11.8076678,52.3827527],[11.80766,52.3825799],[11.8077229,52.3824431],[11.8078723,52.3823183],[11.8082892,52.3822751],[11.8088515,52.3822847],[11.8090992,52.3823855],[11.8096576,52.3826951],[11.8097874,52.3827589]]}},{"type":"Feature","id":"way/863159206","properties":{"access":"private","highway":"path","id":"way/863159206"},"geometry":{"type":"LineString","coordinates":[[11.8228737,52.379935],[11.8228073,52.379871],[11.8226731,52.3798039],[11.8226302,52.379542],[11.8226183,52.3794864],[11.822598,52.3793913],[11.8223619,52.379352]]}},{"type":"Feature","id":"way/863408897","properties":{"highway":"service","id":"way/863408897"},"geometry":{"type":"LineString","coordinates":[[11.8193769,52.3777402],[11.8194416,52.3776332]]}},{"type":"Feature","id":"way/863408898","properties":{"highway":"service","id":"way/863408898"},"geometry":{"type":"LineString","coordinates":[[11.819918,52.3778709],[11.819991,52.3777641]]}},{"type":"Feature","id":"way/863591902","properties":{"access":"private","disused:railway":"loading_ramp","highway":"service","railway":"disused","service":"driveway","id":"way/863591902"},"geometry":{"type":"LineString","coordinates":[[11.8164293,52.3819177],[11.815658,52.3819217]]}},{"type":"Feature","id":"way/876201603","properties":{"access":"private","highway":"service","service":"driveway","id":"way/876201603"},"geometry":{"type":"LineString","coordinates":[[11.816858,52.3820148],[11.8166302,52.3819324],[11.8164293,52.3819177]]}},{"type":"Feature","id":"way/1124584349","properties":{"highway":"track","tracktype":"grade4","id":"way/1124584349"},"geometry":{"type":"LineString","coordinates":[[11.8234822,52.381549],[11.823786,52.381559],[11.8239835,52.3816023],[11.8242223,52.3816147],[11.8246676,52.38169]]}},{"type":"Feature","id":"way/1124584351","properties":{"highway":"track","tracktype":"grade4","id":"way/1124584351"},"geometry":{"type":"LineString","coordinates":[[11.8257845,52.380964],[11.825629,52.380961],[11.8245773,52.3809647],[11.8245734,52.3807313]]}},{"type":"Feature","id":"way/1124584352","properties":{"highway":"track","id":"way/1124584352"},"geometry":{"type":"LineString","coordinates":[[11.8285037,52.3813076],[11.8284342,52.3810015]]}},{"type":"Feature","id":"way/1124584358","properties":{"highway":"track","tracktype":"grade3","id":"way/1124584358"},"geometry":{"type":"LineString","coordinates":[[11.8289425,52.3825329],[11.8285289,52.3825207]]}},{"type":"Feature","id":"way/1124584359","properties":{"highway":"track","tracktype":"grade4","id":"way/1124584359"},"geometry":{"type":"LineString","coordinates":[[11.8299473,52.38256],[11.8289425,52.3825329]]}},{"type":"Feature","id":"way/1124584384","properties":{"highway":"track","tracktype":"grade2","id":"way/1124584384"},"geometry":{"type":"LineString","coordinates":[[11.8217641,52.3783191],[11.822366,52.3773904],[11.8226411,52.3769502]]}},{"type":"Feature","id":"way/1124584385","properties":{"highway":"service","service":"parking_aisle","id":"way/1124584385"},"geometry":{"type":"LineString","coordinates":[[11.8200536,52.3764115],[11.8198494,52.3767237],[11.8194274,52.3773687],[11.8192797,52.3775946],[11.8194416,52.3776332],[11.819991,52.3777641],[11.8201755,52.3778066]]}},{"type":"Feature","id":"way/1124584386","properties":{"highway":"service","id":"way/1124584386"},"geometry":{"type":"LineString","coordinates":[[11.8192176,52.3761985],[11.8198927,52.3763705],[11.8200536,52.3764115]]}},{"type":"Feature","id":"way/1124584387","properties":{"highway":"path","surface":"concrete","id":"way/1124584387"},"geometry":{"type":"LineString","coordinates":[[11.8194274,52.3773687],[11.8192686,52.3773292],[11.8191901,52.3773097]]}},{"type":"Feature","id":"way/1124584388","properties":{"highway":"path","surface":"concrete","id":"way/1124584388"},"geometry":{"type":"LineString","coordinates":[[11.8198494,52.3767237],[11.819689,52.3766869],[11.8196066,52.3766681]]}},{"type":"Feature","id":"way/1124584389","properties":{"highway":"path","surface":"concrete","id":"way/1124584389"},"geometry":{"type":"LineString","coordinates":[[11.8191744,52.3774807],[11.8192686,52.3773292],[11.819689,52.3766869],[11.8198927,52.3763705]]}},{"type":"Feature","id":"way/1124584390","properties":{"highway":"service","id":"way/1124584390"},"geometry":{"type":"LineString","coordinates":[[11.8198927,52.3763705],[11.82007,52.3761026],[11.8201412,52.3760437],[11.8202009,52.3760339],[11.8205178,52.3761096]]}},{"type":"Feature","id":"way/1220147704","properties":{"highway":"service","id":"way/1220147704"},"geometry":{"type":"LineString","coordinates":[[11.8385153,52.38621],[11.8385135,52.3854694],[11.8384891,52.385411],[11.8384554,52.3853859],[11.8383785,52.385379],[11.8379119,52.3853813],[11.8378688,52.3853916],[11.8378351,52.3854099],[11.8378313,52.3854373],[11.8378463,52.3862122]]}},{"type":"Feature","id":"way/1220151011","properties":{"highway":"track","id":"way/1220151011"},"geometry":{"type":"LineString","coordinates":[[11.8368554,52.379433],[11.8368746,52.3792522],[11.8369553,52.3788881]]}},{"type":"Feature","id":"way/1220151012","properties":{"highway":"track","id":"way/1220151012"},"geometry":{"type":"LineString","coordinates":[[11.8337084,52.3819152],[11.8339306,52.3819301],[11.8341975,52.3819502],[11.8343029,52.3819301],[11.8343985,52.3818818],[11.8344512,52.3818195],[11.8345418,52.3817742],[11.8346407,52.3817813],[11.8348433,52.3817903],[11.8349883,52.3818205],[11.8353754,52.3819221],[11.835583,52.3819844],[11.8356621,52.3820337],[11.83584,52.382083],[11.8360476,52.3821051],[11.8362403,52.3821101],[11.8364347,52.3821011],[11.8365698,52.3820699],[11.8366608,52.3820444]]}},{"type":"Feature","id":"way/1220151016","properties":{"highway":"track","id":"way/1220151016"},"geometry":{"type":"LineString","coordinates":[[11.8344042,52.3791447],[11.8346489,52.3791486],[11.8349372,52.3791607],[11.8352304,52.3791506],[11.8355171,52.3791426],[11.8360064,52.3791345],[11.83612,52.3791476],[11.8361925,52.3791768],[11.8362535,52.379216],[11.8362881,52.3792884],[11.8363359,52.3793125],[11.8364429,52.3793537],[11.8367543,52.3794111],[11.8368554,52.379433],[11.8369767,52.3794593],[11.8371019,52.3795006],[11.8371843,52.3795539],[11.837209,52.3796233],[11.837174,52.3797739]]}},{"type":"Feature","id":"way/1220342327","properties":{"access":"private","highway":"track","id":"way/1220342327"},"geometry":{"type":"LineString","coordinates":[[11.8245734,52.3807313],[11.8246955,52.380675],[11.8251353,52.3806651],[11.8255109,52.3806586],[11.825602,52.3806848],[11.825645,52.3807568],[11.825629,52.380961]]}},{"type":"Feature","id":"way/1220374096","properties":{"highway":"service","id":"way/1220374096"},"geometry":{"type":"LineString","coordinates":[[11.8228441,52.3785844],[11.8235223,52.3775331],[11.8236937,52.3772495],[11.8237119,52.3772089],[11.8237415,52.3771425],[11.8237974,52.3770548],[11.823921,52.3769246],[11.8239947,52.3768175],[11.8240356,52.3767457],[11.8241203,52.3765662]]}},{"type":"Feature","id":"way/1220378372","properties":{"highway":"service","id":"way/1220378372"},"geometry":{"type":"LineString","coordinates":[[11.8251929,52.3763511],[11.8262319,52.3765838],[11.8268562,52.3767095],[11.8272881,52.3768029]]}},{"type":"Feature","id":"way/1220378385","properties":{"highway":"service","id":"way/1220378385"},"geometry":{"type":"LineString","coordinates":[[11.8273857,52.3766593],[11.8277845,52.376007],[11.8280895,52.3755287]]}},{"type":"Feature","id":"way/1310869946","properties":{"highway":"service","id":"way/1310869946"},"geometry":{"type":"LineString","coordinates":[[11.8237119,52.3772089],[11.8265309,52.3779404]]}},{"type":"Feature","id":"way/1498001629","properties":{"access":"private","highway":"service","name":"Banana","id":"way/1498001629"},"geometry":{"type":"LineString","coordinates":[[11.821597,52.3827323],[11.8213843,52.3826397],[11.8213026,52.382584],[11.8212464,52.3825326],[11.8211843,52.3824359],[11.8211902,52.3814149],[11.8211824,52.3802322],[11.8211769,52.3801145],[11.8211597,52.3785091],[11.8211335,52.3783644],[11.8210692,52.3782588],[11.8209815,52.3781887],[11.8208546,52.3780995]]}},{"type":"Feature","id":"way/1498001630","properties":{"access":"private","highway":"service","name":"Cherry","id":"way/1498001630"},"geometry":{"type":"LineString","coordinates":[[11.8256866,52.3792446],[11.8263816,52.3781646],[11.8265309,52.3779404],[11.8272881,52.3768029],[11.8273169,52.3767597],[11.8273857,52.3766593]]}}]}